{"type":"FeatureCollection","name":"Pinhais_Bairros_Oficial_GeoPinhais_2012_WGS84","features":[{"type":"Feature","properties":{"bairro":"Alphaville Graciosa","chave":"alphaville graciosa","populacao":1628.0,"densidade":343.45991561,"shape_area_m2":4720499.09471,"shape_len_m":9979.59931913,"fonte":"Prefeitura Municipal de Pinhais / GeoPinhais","ano_base":2012,"crs_origem":"EPSG:31982"},"geometry":{"type":"Polygon","coordinates":[[[-49.17394535133177,-25.39317514892583],[-49.16811740906083,-25.392814151139387],[-49.1677839711581,-25.392803670999893],[-49.16746067275501,-25.39277567549749],[-49.167260514506026,-25.39278099518993],[-49.159649654349145,-25.391511043079205],[-49.15875894267338,-25.39135851074383],[-49.15804959238076,-25.391236680262622],[-49.15741616461947,-25.39112732066603],[-49.15602931725998,-25.390891152295655],[-49.15459151724748,-25.390678667420765],[-49.15354577820692,-25.39049728493762],[-49.15347701803571,-25.390481785027937],[-49.152661250973864,-25.392328654534158],[-49.15207127373041,-25.393722087276092],[-49.15203499070011,-25.393890074054305],[-49.15196413256751,-25.394113774448815],[-49.15193315742061,-25.3943022456657],[-49.15200432507689,-25.394943333873044],[-49.15207789169732,-25.39546213876305],[-49.15208193415882,-25.395791004372466],[-49.151919096572364,-25.396972684268803],[-49.151899116383696,-25.39709573773478],[-49.1514593924188,-25.397813645773034],[-49.15084538378576,-25.398712285784963],[-49.150800560773895,-25.398866049026765],[-49.15108474309594,-25.40101826441863],[-49.151267060884706,-25.402396958296862],[-49.15126539795195,-25.402506042365353],[-49.15118663045438,-25.40274103253119],[-49.15114791417841,-25.4028418263332],[-49.1509223077956,-25.403007791354103],[-49.15065921937206,-25.403193539689845],[-49.15029081166015,-25.40345898774546],[-49.15003474450783,-25.403671832005855],[-49.14983794574331,-25.403898926170005],[-49.14963268192408,-25.40419343542586],[-49.14932476628357,-25.40458987805704],[-49.14920852460541,-25.40473509222719],[-49.14908291507282,-25.404871561554927],[-49.1486217669761,-25.405202250487797],[-49.1484293910958,-25.40535513358029],[-49.14835207034644,-25.405416580887433],[-49.14801178805044,-25.405945214481292],[-49.14708404618022,-25.407573811147387],[-49.146946002228574,-25.40775629050891],[-49.14678062986418,-25.407956846837443],[-49.1464285660561,-25.408425237103742],[-49.14648929688163,-25.408443864079793],[-49.154337303224644,-25.410993134580988],[-49.15473363312297,-25.40631059500222],[-49.157739036232904,-25.407872871050877],[-49.15921841012214,-25.408799413540937],[-49.160922901365694,-25.40979873410731],[-49.16276826251519,-25.41059672216131],[-49.16453291185698,-25.411610404780873],[-49.167376715227576,-25.413221769348223],[-49.16851907093562,-25.413840347999194],[-49.16989117132172,-25.4140541818116],[-49.170396095242296,-25.414328048021723],[-49.17040647670985,-25.414069055495062],[-49.170467118530006,-25.41372380018431],[-49.170506122588094,-25.413434895120464],[-49.17051770234899,-25.413126774493062],[-49.170582680315896,-25.412681259483648],[-49.17064596097479,-25.412118301384677],[-49.1706755581322,-25.411770473796626],[-49.17070915649373,-25.4115608688695],[-49.17079942369433,-25.410714773337865],[-49.17084251841395,-25.410383268620865],[-49.17091733396381,-25.409969149271653],[-49.170967522708104,-25.409672320442237],[-49.171001225170286,-25.40945829669836],[-49.17105193609429,-25.40912688660526],[-49.171078350879505,-25.408831782225246],[-49.17111613191698,-25.408597804760422],[-49.17123434584173,-25.40827152714445],[-49.17125032507403,-25.408113628033508],[-49.171207735014754,-25.407876553350125],[-49.17117002290092,-25.407753320465496],[-49.171173183814126,-25.40754376352535],[-49.17123618690034,-25.407302014614057],[-49.17134408246748,-25.407144662346607],[-49.17147756044002,-25.40693681871259],[-49.17170448990143,-25.406666896747495],[-49.17213737992268,-25.406232369479913],[-49.17251762207471,-25.405875264770586],[-49.172812110887754,-25.40551439372899],[-49.17293389835272,-25.40542477411142],[-49.17301950641267,-25.405338350077535],[-49.17338191482818,-25.404980970642647],[-49.173498101014154,-25.404880293316868],[-49.1736428304165,-25.404787978993635],[-49.17382921588065,-25.404681141927735],[-49.173908796340584,-25.404582846866067],[-49.17394944070363,-25.404476975921472],[-49.17395275060296,-25.4042571749637],[-49.173921615359,-25.403990848956056],[-49.17393589022828,-25.403820824710923],[-49.173964867888905,-25.40349102703226],[-49.17397337002567,-25.403495580586565],[-49.173962811173126,-25.40320820123021],[-49.173975670821804,-25.403013135546555],[-49.174016162424486,-25.40274032364013],[-49.17399862632392,-25.402586928608258],[-49.173988300786014,-25.40246168117918],[-49.17404998344022,-25.40225502281356],[-49.174075249301204,-25.402133008828187],[-49.17408406767973,-25.401936330208166],[-49.17408133395619,-25.40172887167796],[-49.174048359134204,-25.401584860537962],[-49.1740152242665,-25.401451483820633],[-49.17404233132206,-25.401207165766458],[-49.174093342757345,-25.400931232639003],[-49.174133281310645,-25.400612612662496],[-49.174112076451856,-25.40034726124577],[-49.174108631997946,-25.400192612128315],[-49.17413464656236,-25.399579197023222],[-49.174135339156834,-25.399191384334287],[-49.17417035598829,-25.398916139842463],[-49.17417492694952,-25.398612481734357],[-49.17418443130108,-25.398322902172513],[-49.174203239899235,-25.398098854579697],[-49.17421084547319,-25.39793540974872],[-49.17420790393809,-25.39773755850787],[-49.174200735193196,-25.397585809728533],[-49.17420910327692,-25.397448560972812],[-49.17424120488399,-25.39720000845414],[-49.17427222882995,-25.39702297975145],[-49.17426661015087,-25.39676823614299],[-49.17426556908117,-25.396628009648456],[-49.17428228708838,-25.39648253470382],[-49.17429726321948,-25.396313389185277],[-49.174305133960914,-25.396203421316347],[-49.17429848753949,-25.396025541124718],[-49.17429350454517,-25.39594363510656],[-49.17429983921242,-25.395729227563617],[-49.17432303381592,-25.395633561147402],[-49.17435950667425,-25.39548161485984],[-49.1744024052161,-25.395315638960877],[-49.17440355170111,-25.39523945405925],[-49.174391697408204,-25.395116510398665],[-49.17434629704951,-25.394941468477434],[-49.17431028556895,-25.394722923121133],[-49.17425484234233,-25.394634995578354],[-49.17411208090501,-25.394545982812513],[-49.17396961803771,-25.39443714791057],[-49.17389659200066,-25.394356932710263],[-49.17385095485807,-25.394197749375603],[-49.173854654906684,-25.393951938788895],[-49.17385303389175,-25.393769508727498],[-49.173899258808,-25.393599569572352],[-49.173949132680626,-25.39347726067671],[-49.17393898236923,-25.393344478095834],[-49.173936780298874,-25.393263767551012],[-49.17394535133177,-25.39317514892583]]]}},{"type":"Feature","properties":{"bairro":"Jardim Karla","chave":"jardim karla","populacao":6301.0,"densidade":1360.90712743,"shape_area_m2":4629279.73396,"shape_len_m":9471.7571529,"fonte":"Prefeitura Municipal de Pinhais / GeoPinhais","ano_base":2012,"crs_origem":"EPSG:31982"},"geometry":{"type":"Polygon","coordinates":[[[-49.13751464470722,-25.414290057986495],[-49.13752127026944,-25.414722918280393],[-49.13757944156223,-25.414829295062624],[-49.13766031059541,-25.414940893947048],[-49.137735238833514,-25.415029765570676],[-49.137783265468215,-25.415099267970596],[-49.13781686362438,-25.415164588306126],[-49.13782366613587,-25.415204736078852],[-49.13783568758142,-25.415272164446307],[-49.13784101933365,-25.415302065363697],[-49.13788806073593,-25.41536337177312],[-49.13791592433668,-25.415429091561194],[-49.13793086844667,-25.415508089655926],[-49.13793887502816,-25.415556307966657],[-49.137946911270646,-25.415654356031343],[-49.137948574072354,-25.415759635648715],[-49.13794329006283,-25.415892190647305],[-49.13792367328577,-25.415984561130955],[-49.13788831046235,-25.41605245337397],[-49.13788095129541,-25.41606658302263],[-49.137851521486496,-25.416146203202736],[-49.13784420137973,-25.416166006257026],[-49.137845820732174,-25.416264660897923],[-49.13784724936588,-25.416350561705244],[-49.13782841411549,-25.41645189920448],[-49.13781587036658,-25.41654254114705],[-49.13779031440418,-25.41664135602565],[-49.13777972933035,-25.41668228278753],[-49.13777764674995,-25.416733200665664],[-49.137775608819055,-25.416775002186345],[-49.137776182060215,-25.416900070810716],[-49.137776424041995,-25.416952765881167],[-49.13778549995509,-25.41700526958205],[-49.137793115320754,-25.41704931942968],[-49.13780617129867,-25.41710266799462],[-49.13782410865728,-25.417175963405548],[-49.13782540723018,-25.417261074449964],[-49.13782342365935,-25.417337247247847],[-49.13778972154187,-25.41742925772068],[-49.137771054297204,-25.41747966569128],[-49.13777111128335,-25.417521369177628],[-49.13777094221558,-25.417630440593175],[-49.13777243096003,-25.417681178037853],[-49.137766674454085,-25.417720187146713],[-49.13775600915963,-25.41779246014142],[-49.137744621311576,-25.4178496524837],[-49.13772321083183,-25.417979080820757],[-49.13766964975373,-25.418159689582634],[-49.13763671642564,-25.418298673753338],[-49.137613685273706,-25.41845075059214],[-49.137600049863224,-25.41851006930043],[-49.137590253593025,-25.418560064268924],[-49.13757689691685,-25.41862672861063],[-49.13753454909138,-25.418697192584315],[-49.13748880855099,-25.418730466083414],[-49.137460066375354,-25.418751375157278],[-49.1374104585398,-25.418835185465003],[-49.137390235011246,-25.41887040735542],[-49.13732928170308,-25.418936257942693],[-49.137301637380276,-25.418966123586657],[-49.13727773143402,-25.41915993893789],[-49.13727202855785,-25.419206177046153],[-49.13735446918085,-25.41928281343577],[-49.13743299829218,-25.419335974618377],[-49.13748140645726,-25.419399433528245],[-49.13744753749537,-25.419463627878446],[-49.13737007244586,-25.419523672073602],[-49.137256455766924,-25.419581632941608],[-49.137221961883085,-25.419664352858362],[-49.13714391706274,-25.419795783909773],[-49.13714314145371,-25.419897965882058],[-49.13715297929308,-25.420032614570115],[-49.13720727434211,-25.420089544560664],[-49.13724456819392,-25.420224256974613],[-49.13721046685321,-25.420302184613533],[-49.137293026935936,-25.420389263831012],[-49.137399558543535,-25.42060208554001],[-49.13742589573714,-25.420591641437635],[-49.13754684393414,-25.420543679345663],[-49.13768417332493,-25.420519704246352],[-49.13777436186541,-25.420519299168394],[-49.13785782648773,-25.420585007811603],[-49.13797167721958,-25.420841840025737],[-49.13813687142553,-25.42103071437244],[-49.138267921521305,-25.421120559733808],[-49.13831469111498,-25.42118074862765],[-49.13831269738831,-25.421245811978455],[-49.138252581363155,-25.421308874970002],[-49.13821168633019,-25.42146020008313],[-49.138225157132055,-25.42150178916921],[-49.13823892033756,-25.421648047332017],[-49.13819896688259,-25.421710524420067],[-49.138167587519824,-25.42175959320616],[-49.13814502293875,-25.42185366406572],[-49.13813236251106,-25.421906446567622],[-49.138168075452676,-25.42196293312357],[-49.138167727739464,-25.422037315693522],[-49.13813779241245,-25.422096427856065],[-49.138114068548894,-25.422178277867776],[-49.13814955039721,-25.4223275014738],[-49.13798983074372,-25.422514589898633],[-49.13796765992872,-25.422592397162997],[-49.137942752238686,-25.422639941904748],[-49.137868971469146,-25.42269299147379],[-49.1378241822756,-25.4227251964606],[-49.137812896103306,-25.422799083777484],[-49.13778237161785,-25.422881562493995],[-49.13771844082974,-25.42292110523991],[-49.13764906443007,-25.422941245538826],[-49.137523154757595,-25.422982454388166],[-49.13744326317548,-25.423090843627556],[-49.13738289934011,-25.423169351879434],[-49.13732213651519,-25.423211086769516],[-49.13726605841577,-25.423281617500706],[-49.13724726362805,-25.423305257945668],[-49.13719723387822,-25.42338726982767],[-49.13713643337894,-25.423494739094927],[-49.13711084978216,-25.423576187053207],[-49.13707996817399,-25.423625082218837],[-49.137049815049785,-25.4236728238672],[-49.136990888890516,-25.423708742879093],[-49.136953349984665,-25.423725689986085],[-49.13693714016758,-25.42373300887466],[-49.136891067477436,-25.423807457889],[-49.13695523486679,-25.42397017515053],[-49.13695644675727,-25.424067331358174],[-49.13693062159796,-25.424104738965852],[-49.1369213276839,-25.42416318726305],[-49.13690633091386,-25.42425749554923],[-49.13689122305788,-25.424352496640736],[-49.13689249190677,-25.42443159397321],[-49.136940049564906,-25.424487174812484],[-49.13696340326927,-25.42453937932854],[-49.13698835948658,-25.424610200894133],[-49.13702740361952,-25.42468932589568],[-49.137040387029266,-25.424782383918593],[-49.13697548809679,-25.424878336116514],[-49.13694099534865,-25.424994534480213],[-49.13695717648672,-25.425222323930377],[-49.13698850631244,-25.42529241384786],[-49.13700299857849,-25.42535199883721],[-49.137031535558364,-25.425442094463573],[-49.13706305369005,-25.425567564383183],[-49.13706606773771,-25.425698282538843],[-49.137066820933754,-25.425836774522686],[-49.13708975557723,-25.425967964665713],[-49.1370899540091,-25.42607142276475],[-49.137073781992456,-25.42617277747759],[-49.1370136483854,-25.42630787931274],[-49.13701049908574,-25.426428627819764],[-49.13702470359162,-25.426534145777765],[-49.137060363740666,-25.42663806713227],[-49.137071036579925,-25.426745630172704],[-49.13704473143851,-25.426852995087465],[-49.136986941391,-25.426906789405262],[-49.13690993142671,-25.427008004421303],[-49.136826639358425,-25.427103994015212],[-49.136761075762244,-25.427301226545456],[-49.13676180047007,-25.427428614259494],[-49.136754468872006,-25.42752394230986],[-49.13680384823461,-25.427629197772553],[-49.13687323200646,-25.42768910435418],[-49.13698038650274,-25.427825605612973],[-49.13698913704259,-25.42803048817787],[-49.136920352499985,-25.42819835304628],[-49.13677425552324,-25.428315291494023],[-49.1367266411702,-25.428353402107593],[-49.13672473615983,-25.42847317331838],[-49.13680542100175,-25.42850422866268],[-49.13690301029898,-25.42852305120984],[-49.13696678997514,-25.428591084589122],[-49.13696412323248,-25.42874119852461],[-49.13702977367908,-25.428874148234627],[-49.13703087403307,-25.42897098339913],[-49.137034402950384,-25.429077326469155],[-49.137026281307634,-25.429211418660472],[-49.13702323890599,-25.42926166343811],[-49.1370139983299,-25.42931841970305],[-49.136993883187095,-25.42940598803875],[-49.136950630285014,-25.429484069261154],[-49.136898392329805,-25.42955226148868],[-49.136846926365656,-25.429619445180958],[-49.136847509715004,-25.429736629957986],[-49.13683436266336,-25.429886861890783],[-49.13678921548229,-25.430042826625513],[-49.136792332290106,-25.430124566232102],[-49.13681105644725,-25.430258050121218],[-49.13685319808372,-25.430408698091554],[-49.13682954044522,-25.43050544397152],[-49.136819579031126,-25.43059721788745],[-49.13691991717127,-25.430639219245236],[-49.13700208336059,-25.430617948987116],[-49.1371336860952,-25.430605098247558],[-49.13720030884566,-25.43058472848941],[-49.13735026861839,-25.430633663695893],[-49.13746860529121,-25.430670280513407],[-49.13755531138614,-25.43064987005809],[-49.137624775223635,-25.430633518175306],[-49.137697248165175,-25.430633534318442],[-49.13772843883473,-25.430698491096525],[-49.13771172701868,-25.430931912706782],[-49.137753986882394,-25.431087888209415],[-49.13784049636877,-25.43121600242277],[-49.13786757802175,-25.43125725494123],[-49.13786988036863,-25.431352053381854],[-49.13788960762187,-25.43137841472344],[-49.137935166098366,-25.43143929442669],[-49.137946043661586,-25.431484587152678],[-49.13795192997306,-25.43150909840972],[-49.137988307775196,-25.431579337913554],[-49.138019434343356,-25.431656377182147],[-49.13805530928952,-25.43172842031767],[-49.13808869316979,-25.431826701993053],[-49.13811084736188,-25.43189884200891],[-49.13815118087548,-25.43197834422213],[-49.13818544394841,-25.432045311478497],[-49.138188009450694,-25.432091835802655],[-49.13819098306291,-25.432145764267197],[-49.13824345903137,-25.432196896978702],[-49.13829566680836,-25.43225416138628],[-49.138362350563916,-25.43229454721952],[-49.138468210185444,-25.432373289232732],[-49.138468621742184,-25.43244062090386],[-49.13845355962485,-25.432492142430448],[-49.13843089401619,-25.432569672506297],[-49.13850458105602,-25.432613667785457],[-49.13862171983941,-25.432657220686337],[-49.13868240778279,-25.432686697356555],[-49.138777335936034,-25.432707038721343],[-49.138838807376445,-25.432732308496036],[-49.13890131391434,-25.43273253272708],[-49.138970901483404,-25.432732782559896],[-49.13902831090732,-25.43274400810569],[-49.13907532237936,-25.432769403308555],[-49.13917372313726,-25.43282255838081],[-49.13927200604135,-25.432826578622603],[-49.139327973647106,-25.432903052175693],[-49.139353203074755,-25.432956273165583],[-49.13937634473687,-25.433015967530263],[-49.13943554826858,-25.433096791787534],[-49.139464196177364,-25.433166937561484],[-49.13950325311035,-25.43323902069543],[-49.13955118665832,-25.43335629707808],[-49.13958440600689,-25.4333925237958],[-49.13968247813225,-25.4334994785182],[-49.13972693059773,-25.43358923364129],[-49.13973098583745,-25.433642366928954],[-49.139753074526105,-25.433680020713226],[-49.13979788502277,-25.433785307718278],[-49.13980390617966,-25.433859319516863],[-49.1398050942738,-25.433930832665357],[-49.139785827489675,-25.43397482357122],[-49.139804181786026,-25.43403554054689],[-49.139814948900295,-25.434104843206622],[-49.13987071483172,-25.434304726787577],[-49.139989905111044,-25.43425530928455],[-49.140277267460846,-25.434184695920585],[-49.14066713754254,-25.434096816423832],[-49.14098416931314,-25.43409154846568],[-49.141403138359166,-25.434106132297174],[-49.14383017318415,-25.4345121149832],[-49.145084721472124,-25.434710459079785],[-49.1454726876096,-25.434792921548503],[-49.14585024117795,-25.434935579104604],[-49.146122595234985,-25.4351286149568],[-49.146487755519665,-25.435460712177406],[-49.14694625245908,-25.435897404200617],[-49.14726593722707,-25.436099653892665],[-49.14765325056616,-25.436225193857748],[-49.14806086710416,-25.436264806340915],[-49.14845015926497,-25.436261096310357],[-49.14900710375855,-25.436287556082533],[-49.14927260731373,-25.436308138550313],[-49.14975444638406,-25.436460718327567],[-49.15017801975702,-25.43669874344732],[-49.150677529300104,-25.436937723672578],[-49.15107421165233,-25.437071990560845],[-49.15147233995528,-25.43711147517494],[-49.15214410166108,-25.437119929357937],[-49.152146318427036,-25.437105031059577],[-49.15216858729505,-25.437105311262254],[-49.15217728276672,-25.43694210553055],[-49.152215470179385,-25.436124985612693],[-49.15222940008064,-25.43588436473545],[-49.1526375303007,-25.43118422071315],[-49.15311060266519,-25.42555436737],[-49.153101322309475,-25.425438646083673],[-49.15382753961052,-25.41706451013935],[-49.154337303224644,-25.410993134580988],[-49.14648929688163,-25.408443864079793],[-49.1464285660561,-25.408425237103742],[-49.14678062986418,-25.407956846837443],[-49.146904926818266,-25.407806104156172],[-49.146843839805044,-25.40780533395658],[-49.14104598430619,-25.407472731165676],[-49.1396617558582,-25.40739024309558],[-49.13960964398382,-25.40749147763766],[-49.13956245343283,-25.407528886364975],[-49.13950170577461,-25.407575331582883],[-49.139415625689935,-25.40771805104413],[-49.13938025477601,-25.407706194242774],[-49.139272799189605,-25.407864598325762],[-49.13922488120924,-25.407957936123793],[-49.1391700987937,-25.408049594530617],[-49.13909659882156,-25.408143272815664],[-49.13908105078044,-25.408210782684964],[-49.13899807837124,-25.40834576124259],[-49.138956557136304,-25.40841105996956],[-49.13895715570358,-25.408466410121925],[-49.13895768974516,-25.408515797654267],[-49.13891622664558,-25.408645421194468],[-49.13892177962775,-25.408687140171125],[-49.13893682463847,-25.408800172506837],[-49.13894368516838,-25.408851702945004],[-49.139068307381166,-25.40891479745737],[-49.13897063702821,-25.408980659005945],[-49.13899557732459,-25.409080205777975],[-49.13898484437591,-25.40914535088601],[-49.1389216220028,-25.409327229362646],[-49.138927599247545,-25.409487062205386],[-49.13896426047299,-25.409662627739273],[-49.139061044892244,-25.409768095427516],[-49.1391080953369,-25.409778801146203],[-49.13926012945606,-25.409813398651515],[-49.13931227732541,-25.4098480476499],[-49.139298222648684,-25.40998591468455],[-49.13926047775167,-25.410042491000894],[-49.139231466296316,-25.410112899775385],[-49.13920410569885,-25.410176127255124],[-49.13914839595392,-25.41020185278163],[-49.13909397308022,-25.410237635034377],[-49.139039517302166,-25.41026908361926],[-49.1390123074434,-25.410284798201616],[-49.13901047207413,-25.410464704185813],[-49.13896395253318,-25.41056838344205],[-49.13888268071616,-25.41068336744733],[-49.13884286158282,-25.41076107345338],[-49.13884373834435,-25.41081519394697],[-49.13884507653686,-25.410897721890603],[-49.13884797161112,-25.41096223158222],[-49.13884917094451,-25.411078341191658],[-49.13881650944947,-25.41112748886419],[-49.13875996860809,-25.411181090726373],[-49.138696648333855,-25.411217239483406],[-49.13863664883093,-25.411182445671244],[-49.138579173058005,-25.411138656242336],[-49.138544418419976,-25.411112176948226],[-49.138459689437944,-25.41110671995213],[-49.13841720775291,-25.41110398543758],[-49.13834970363586,-25.411200658669255],[-49.1383389724313,-25.411258660205295],[-49.138313404239234,-25.411336384970287],[-49.13824412949835,-25.41143448914818],[-49.138212819929926,-25.411496357374673],[-49.13820063526716,-25.411518643714277],[-49.13816185523699,-25.411607407876673],[-49.13810815035052,-25.41166116365168],[-49.1380566742622,-25.41172505850616],[-49.13800426664603,-25.411765469890636],[-49.13794912827814,-25.411829838288092],[-49.137920621184875,-25.411849796310683],[-49.13789696925714,-25.411866355584106],[-49.13785531944978,-25.411956140411373],[-49.137818997750635,-25.41199116117129],[-49.13773373724703,-25.412112141447924],[-49.13767406641759,-25.412205659138706],[-49.1376523098797,-25.412239754940146],[-49.137614983358716,-25.4123594467862],[-49.13761485510423,-25.41241664013473],[-49.13761454631565,-25.41255403198732],[-49.13753856510694,-25.412717517688908],[-49.13749881331272,-25.412794618348737],[-49.137487472759446,-25.41281661469476],[-49.137428188890404,-25.412985696876035],[-49.13742651563101,-25.413130103879247],[-49.137425837881715,-25.41318857126351],[-49.137459120830364,-25.413223646269664],[-49.13750344137624,-25.41327035413775],[-49.13756063510261,-25.413338745928346],[-49.137552168365644,-25.4134236095649],[-49.137538021114004,-25.413484651519322],[-49.13747995925337,-25.413542941391736],[-49.13746088424696,-25.413562092617465],[-49.13745932739819,-25.413641286048346],[-49.13746247332572,-25.413736448339222],[-49.13746328333267,-25.413760972021528],[-49.13750378508824,-25.41392664262062],[-49.13751187335252,-25.414139531762586],[-49.13751464470722,-25.414290057986495]]]}},{"type":"Feature","properties":{"bairro":"Parque das Nascentes","chave":"parque das nascentes","populacao":879.0,"densidade":42.48429193,"shape_area_m2":20745315.2257,"shape_len_m":26645.9673324,"fonte":"Prefeitura Municipal de Pinhais / GeoPinhais","ano_base":2012,"crs_origem":"EPSG:31982"},"geometry":{"type":"Polygon","coordinates":[[[-49.15347701803571,-25.390481785027937],[-49.15341193630746,-25.39046711487733],[-49.15228472693384,-25.390279339876344],[-49.15179762904627,-25.3901981945356],[-49.1512562165372,-25.390107998869947],[-49.150338356231224,-25.389955084953403],[-49.149382654944006,-25.38979585914888],[-49.1491942268978,-25.38972424589105],[-49.149056692483754,-25.389692749866523],[-49.14832552806471,-25.389575344479418],[-49.14762020980117,-25.389374381029114],[-49.14745099053865,-25.38933241049918],[-49.146645041166806,-25.389163148079163],[-49.144779412251566,-25.38882971849447],[-49.144497211292354,-25.388839871890802],[-49.144259562124475,-25.388900872507715],[-49.143917040364386,-25.3891604319168],[-49.14367381159844,-25.38922393217943],[-49.143418243422886,-25.389238850396392],[-49.142740447890674,-25.38911665400734],[-49.141463107120096,-25.388838417951863],[-49.14105701223635,-25.388625569196364],[-49.14043664190742,-25.388069184162244],[-49.14042268650289,-25.388054560842964],[-49.1403963584537,-25.38803305551311],[-49.13959067301989,-25.387193117026424],[-49.13901335627891,-25.386811266135982],[-49.1387072530304,-25.38660879896553],[-49.138547870538645,-25.386495051781896],[-49.1382932987156,-25.386322366256394],[-49.13803405908021,-25.386128354939224],[-49.13753129476232,-25.385773886058953],[-49.13735627057513,-25.385657023672177],[-49.13691983622433,-25.38534239295794],[-49.13641582494669,-25.38496652650084],[-49.136006914480944,-25.384652185145164],[-49.13555097908991,-25.38430168968633],[-49.135414692503566,-25.384120164174345],[-49.13528146805108,-25.383942716311726],[-49.13510320142141,-25.383705274098524],[-49.13489789086639,-25.38337325077338],[-49.13480135846557,-25.38321144587838],[-49.134747546474834,-25.383121246895087],[-49.134045596622016,-25.382620767307948],[-49.13372931646532,-25.38254329981107],[-49.1323441383896,-25.382543075481056],[-49.13195962679192,-25.38255757100642],[-49.131791704736585,-25.38256076174312],[-49.1312429057592,-25.382438408644557],[-49.13015088317527,-25.382194939995834],[-49.12966533928006,-25.382056677970652],[-49.129415843879855,-25.382008003532725],[-49.12850842775446,-25.381797021786607],[-49.12706913696953,-25.381508058922485],[-49.12624109390794,-25.38126960218149],[-49.1254360191712,-25.3810817459669],[-49.125195880396696,-25.381065850849406],[-49.1246886497147,-25.380948146399852],[-49.12454209461947,-25.380918391722545],[-49.124359931606215,-25.38088140766896],[-49.123898789875874,-25.380749945303553],[-49.12350489970898,-25.3805483586463],[-49.122987333864444,-25.380175930926747],[-49.12239962985229,-25.3796715660633],[-49.122384498102626,-25.379660473961003],[-49.12162642669381,-25.379104769255104],[-49.12081852549795,-25.378536362646496],[-49.12010760145131,-25.378067641036985],[-49.1198263384494,-25.378416185123218],[-49.11933373032027,-25.379051563044342],[-49.11894866851296,-25.37942225414963],[-49.1177855730076,-25.379931670105126],[-49.113375477320595,-25.38151530859142],[-49.11302445090373,-25.38174211837254],[-49.112742583420754,-25.381990842429797],[-49.11246690887369,-25.382337778854488],[-49.11209531366659,-25.382893766528845],[-49.11125002264484,-25.383938164592724],[-49.11050731382129,-25.385104908411925],[-49.11013598452293,-25.38555548405435],[-49.10987189280619,-25.3855777282491],[-49.109249139614484,-25.385530543955767],[-49.108639036948475,-25.385526129481292],[-49.10818303400736,-25.3856194773638],[-49.107515565353815,-25.385827007802103],[-49.10711012922129,-25.386055060178727],[-49.10685148108215,-25.38640353185588],[-49.10666484712303,-25.386798699475253],[-49.10617099071714,-25.388180621403137],[-49.1055666813923,-25.389894434939553],[-49.10484488706368,-25.391617642218492],[-49.10437335300826,-25.392643609445397],[-49.10411374520253,-25.393305706610473],[-49.10392680767538,-25.394008666948277],[-49.1040173634564,-25.39478174963906],[-49.104488624658636,-25.395794596724787],[-49.10493559865923,-25.396279478691564],[-49.10580272984129,-25.39708918580975],[-49.106304616481566,-25.397814331574775],[-49.1068207522132,-25.398566275909758],[-49.107311311265875,-25.399078330115838],[-49.10792164843073,-25.39943221768779],[-49.108665800825136,-25.39966804529797],[-49.10927904827414,-25.399835639671604],[-49.109686430858744,-25.400040512191985],[-49.11006459536809,-25.40038648211952],[-49.110205189292714,-25.40077424761094],[-49.11012234754375,-25.40138539178617],[-49.10982803399931,-25.402393083942307],[-49.109608678600196,-25.40329526916648],[-49.10946781143101,-25.40386573962514],[-49.1093256969393,-25.404516047197106],[-49.10916871373784,-25.405179472439603],[-49.10902784072738,-25.405749942081375],[-49.108916592871786,-25.406205037056544],[-49.10899715094464,-25.406902256401274],[-49.10875849047913,-25.407090205015443],[-49.1087775748197,-25.407439604957332],[-49.109021453463185,-25.407502091228878],[-49.10917077991094,-25.40800601531368],[-49.1098119252411,-25.408100600968783],[-49.10980724280215,-25.40817792961993],[-49.109608360155214,-25.408197312963477],[-49.10915341850655,-25.408294021783682],[-49.109040348216695,-25.40844979300485],[-49.10941221979368,-25.408897743488865],[-49.10973419786377,-25.409257491318712],[-49.109530550238304,-25.40935936394611],[-49.10929246091223,-25.409407740590876],[-49.10912759963632,-25.40968425047829],[-49.10905321201039,-25.409938918660803],[-49.10885814454747,-25.409984977341935],[-49.1086005277384,-25.41022107312722],[-49.10878986876503,-25.41036154688791],[-49.10881262126554,-25.410527995530938],[-49.108636468697156,-25.410625422492494],[-49.1084755380731,-25.410830406930092],[-49.108727774995494,-25.411091834077364],[-49.10911339601094,-25.410928083753674],[-49.109216543679175,-25.410635443268927],[-49.109462660100746,-25.41056703436508],[-49.10980374146893,-25.410424465329246],[-49.10997939553497,-25.410398656219055],[-49.110131228229264,-25.41062748885686],[-49.10986437887343,-25.410908364457068],[-49.10960873624874,-25.411030087742493],[-49.10916145332018,-25.411286297013618],[-49.10914212659946,-25.41153397856679],[-49.10905402419365,-25.41183499952143],[-49.108937509288396,-25.41203465103685],[-49.109426849188225,-25.412387114150313],[-49.109584170138376,-25.412730268627215],[-49.10956803809887,-25.413031131471023],[-49.10974979383159,-25.413113062821093],[-49.11002117824808,-25.413071565913583],[-49.110333744386324,-25.41307904574673],[-49.11039271192115,-25.413178512998666],[-49.110326929825405,-25.41323995752321],[-49.110195202597666,-25.413373226862557],[-49.109958884594214,-25.41336672649236],[-49.10987312300698,-25.41348674399327],[-49.10995148385321,-25.41370543467853],[-49.10982499963381,-25.413638392114343],[-49.10966230508523,-25.4135567051213],[-49.10951070533,-25.41374162695878],[-49.10991210984312,-25.414165521091146],[-49.11013983292891,-25.41423420055865],[-49.11040945726981,-25.41406117825383],[-49.110602545003964,-25.413880822356937],[-49.11054535764738,-25.414149440405183],[-49.11024600135619,-25.414271801252355],[-49.11004768066311,-25.41451841227267],[-49.11008219231886,-25.41475071475388],[-49.110568447424214,-25.41511340815665],[-49.110751792412955,-25.415152101952742],[-49.11083737593125,-25.41528816464797],[-49.11065006086636,-25.4155626033462],[-49.1105044671557,-25.41585142005798],[-49.110266741629545,-25.41593487767093],[-49.1098722004734,-25.415559521139922],[-49.10969899968972,-25.415906811999932],[-49.109858983679764,-25.416159565250844],[-49.11016220573216,-25.41627766455423],[-49.11057503831616,-25.41621376179213],[-49.11077093498261,-25.416122845453305],[-49.11085443264772,-25.41614814325935],[-49.11070770594999,-25.41650961754553],[-49.11085600094083,-25.416781449824025],[-49.110781591238506,-25.41740176934046],[-49.11104991119989,-25.41755748430817],[-49.111063976060045,-25.41763379821888],[-49.11072100429646,-25.41761900711664],[-49.11064608476074,-25.417777231307927],[-49.110704820623916,-25.417923330467755],[-49.110750915964644,-25.41813322572894],[-49.11065257960691,-25.418325753766062],[-49.11029833181849,-25.41830043411727],[-49.110065008143565,-25.418345881691916],[-49.10985490696642,-25.418850375884507],[-49.10987576616253,-25.419224387225057],[-49.109952709377936,-25.419420334870562],[-49.11007325666482,-25.41951532150305],[-49.110256047380226,-25.419531515342523],[-49.11024052704578,-25.419548618648104],[-49.10985233188991,-25.419504392770104],[-49.10966803004758,-25.41958507517695],[-49.110072151238036,-25.419835975161963],[-49.110245112608176,-25.419988171224325],[-49.11055526789031,-25.420151346708224],[-49.11065007141397,-25.420588305866662],[-49.11089712194896,-25.420858424537432],[-49.111116814232226,-25.42094686377431],[-49.11105166277955,-25.42109798804683],[-49.111173751245715,-25.421322750752978],[-49.11138848405342,-25.42131126411711],[-49.11166556488623,-25.421401280743574],[-49.11118434042524,-25.421650553815823],[-49.111087055275725,-25.421848752085296],[-49.11118536111378,-25.421979799212476],[-49.11153538744173,-25.422017539780846],[-49.1118244062434,-25.421940524691884],[-49.112049382612675,-25.421943415923092],[-49.11201120505296,-25.422042649861854],[-49.111841782616686,-25.42216869045746],[-49.11154553353013,-25.422373829603433],[-49.11160984999496,-25.422612095618256],[-49.11207513150503,-25.4226418195119],[-49.112286939523294,-25.4225126536323],[-49.11244382652978,-25.422519417848108],[-49.1123361673417,-25.422704864211745],[-49.112024147425714,-25.42291455009468],[-49.111690754424586,-25.423152453910628],[-49.111569877497665,-25.423521305772038],[-49.11174264864539,-25.423859063572454],[-49.11215650086056,-25.42383114144369],[-49.112367929647675,-25.423696143455828],[-49.11250499957769,-25.423631420969137],[-49.11249202669336,-25.423785780930572],[-49.11224343471586,-25.42429070720182],[-49.11240074846394,-25.424606149326394],[-49.112650780506975,-25.42468059296083],[-49.112690714055766,-25.42480457455677],[-49.1125581359852,-25.424916842005636],[-49.11219445486682,-25.425083125506763],[-49.11219590041176,-25.42533676055792],[-49.11255384689272,-25.425513783542662],[-49.11299494114071,-25.425442002743143],[-49.113269586304,-25.42493474945273],[-49.11337701305495,-25.424608843928336],[-49.1136117399613,-25.42455878484987],[-49.11391083204067,-25.424757226544976],[-49.11399475864262,-25.425001557165526],[-49.11341698105816,-25.425485066086022],[-49.11371621366454,-25.42567466494064],[-49.1139802841791,-25.425631891767168],[-49.11405248442811,-25.425690314615665],[-49.113962797506524,-25.425806434416526],[-49.113594891231834,-25.42596749706543],[-49.113668658530386,-25.42623823360521],[-49.1141059197421,-25.426327879971446],[-49.114472360206754,-25.42629366200072],[-49.114588899799216,-25.426321694939848],[-49.11448463944627,-25.426444193678616],[-49.11431087792124,-25.42647672349613],[-49.11360529004966,-25.426677796540876],[-49.113826982096015,-25.426976791813956],[-49.114046014769464,-25.427108572194086],[-49.114611818762015,-25.426943877513157],[-49.11510373027423,-25.42645342425573],[-49.115171330311135,-25.42650683419603],[-49.11500675643844,-25.42693461665947],[-49.114656434330854,-25.427121184398125],[-49.11391576586856,-25.427360060584846],[-49.113544835160596,-25.427517701444252],[-49.11327233641692,-25.428033082789934],[-49.11338269086696,-25.428383191152115],[-49.113163488038516,-25.4286000993803],[-49.113150656268346,-25.42874800830745],[-49.11344804049296,-25.428919009333114],[-49.11365121324665,-25.42905133960013],[-49.11367018411406,-25.429185327718827],[-49.11327774767498,-25.42937135088979],[-49.11334378724731,-25.429525050224814],[-49.11389374208655,-25.42956932153121],[-49.11372270392039,-25.42986905480276],[-49.11371958021834,-25.430069630958812],[-49.114074639088535,-25.43025570080406],[-49.11443852965337,-25.430212606518555],[-49.11472222696022,-25.429910546739904],[-49.11480087470795,-25.429930662797716],[-49.114729471046,-25.430198984918455],[-49.11431129884334,-25.430685606234146],[-49.1145396748304,-25.430893931651415],[-49.11482062230586,-25.430768569754683],[-49.11497006893417,-25.430636743270536],[-49.1151101775821,-25.43042837120479],[-49.115241455720536,-25.430449161522933],[-49.11523632788236,-25.430778681107178],[-49.11496442001936,-25.430999692023093],[-49.11486611750629,-25.43122770618401],[-49.11504253501504,-25.431392374342437],[-49.115371520427125,-25.43122463914452],[-49.11547190166034,-25.43086290581957],[-49.11558080284415,-25.430630249823167],[-49.115637446120374,-25.430373040251236],[-49.11583003459674,-25.430174894448513],[-49.115939963923715,-25.43021451690406],[-49.11568776149729,-25.430860898804898],[-49.11589620298815,-25.430997317315985],[-49.11610606414662,-25.431020447355788],[-49.11575550856649,-25.431342296121215],[-49.11535568844092,-25.43166975160417],[-49.115420077685215,-25.43188036244155],[-49.115672267919756,-25.43198081574776],[-49.11584219930102,-25.431931829029043],[-49.116057367539135,-25.43195612773538],[-49.11603729496221,-25.43207759927534],[-49.11588903975433,-25.43218314779301],[-49.11574094346526,-25.43227846555984],[-49.11555330242145,-25.432378393462336],[-49.11524279305069,-25.432489355804474],[-49.11444387813688,-25.43222322996918],[-49.1144056712771,-25.432504157784603],[-49.11553523753168,-25.43317395121548],[-49.11548524539403,-25.43342878685595],[-49.11522367257604,-25.433568697874406],[-49.11454010973361,-25.4335984207327],[-49.11463316700782,-25.433778700213452],[-49.11533169661349,-25.434186767820314],[-49.11560026175652,-25.433959963215056],[-49.11584809212078,-25.43397849222722],[-49.11599412220103,-25.434016182924115],[-49.1153985324447,-25.43456289689221],[-49.11503326993908,-25.434684479928887],[-49.1149957822256,-25.434833130540888],[-49.11556223758512,-25.435027840678828],[-49.11554662692937,-25.435134025345413],[-49.11534377327998,-25.435256563604337],[-49.11542117898184,-25.435676362292828],[-49.115606279682325,-25.435980162456776],[-49.115805187009066,-25.43611442968809],[-49.11605598129801,-25.436342303590106],[-49.116007533454464,-25.436581483835695],[-49.115694493674404,-25.43678517216995],[-49.11558846423912,-25.43696111991347],[-49.115765280500526,-25.437079906059417],[-49.116090346861554,-25.437000487690256],[-49.11636717574171,-25.43697111015778],[-49.11651161884072,-25.43707073287466],[-49.11677094269127,-25.43744894010961],[-49.1169053433504,-25.437602641773868],[-49.11711679174501,-25.437828255467362],[-49.117090894964726,-25.438052389390794],[-49.11687294721197,-25.438244633839894],[-49.116549250764734,-25.43841525862278],[-49.11670229794321,-25.438985712972375],[-49.11659638696172,-25.439154063583757],[-49.11601784170711,-25.439017461084067],[-49.11589702703065,-25.439246411712464],[-49.116156859576144,-25.43968695212553],[-49.116065937771985,-25.44003490799381],[-49.1159748946682,-25.440390620404575],[-49.11616983380149,-25.440501737045686],[-49.11668579383044,-25.440314398800094],[-49.11723570831459,-25.440143009515346],[-49.11750036657796,-25.440169677259195],[-49.1176171587773,-25.44035737303833],[-49.117322147922636,-25.44063288961384],[-49.1168171437186,-25.440810574890847],[-49.11636051696421,-25.44081739796163],[-49.11633275784769,-25.44110445251039],[-49.11693041554473,-25.44131499672747],[-49.117351100490914,-25.441223178041362],[-49.117824132889055,-25.441060177779786],[-49.11806411874329,-25.441150860722022],[-49.11761054139911,-25.44170094040394],[-49.11735840787032,-25.441904239829203],[-49.1173618070578,-25.442143085793006],[-49.11822236870837,-25.442154117087448],[-49.118614938470905,-25.442068790002974],[-49.11840919760159,-25.441575640365276],[-49.11852650139186,-25.44135124754578],[-49.11879095019685,-25.441270731869643],[-49.11912450912692,-25.441778427646312],[-49.11915615956678,-25.442030543976987],[-49.11878852970314,-25.442342087099657],[-49.118762780288115,-25.44262573941313],[-49.118986959326726,-25.44284805188972],[-49.11933371515463,-25.442924522015502],[-49.11960471285757,-25.44292050545957],[-49.1199070887043,-25.442815607470106],[-49.12013055170617,-25.44356504889559],[-49.120566335926426,-25.443466145651932],[-49.12085721406243,-25.4434386110872],[-49.12108582702336,-25.44344595480662],[-49.12133342267369,-25.44348446283952],[-49.12155621040094,-25.443553575769567],[-49.12177372233105,-25.443649126433023],[-49.1219664265768,-25.44377528126774],[-49.12234267232075,-25.444047650345855],[-49.12277952645333,-25.44437559922115],[-49.123085136270696,-25.444515614380705],[-49.12336851886393,-25.444562219232857],[-49.123660569753206,-25.44455878761176],[-49.12393739602919,-25.44451934346576],[-49.12415154249946,-25.44445044388254],[-49.12431067995077,-25.44436651283044],[-49.1245338265127,-25.44422609190691],[-49.124742412527326,-25.444006683799124],[-49.12487131921621,-25.443836403624324],[-49.12515313462148,-25.44347465673761],[-49.125384640196714,-25.443140989641932],[-49.126004595372734,-25.442312035949644],[-49.12765299281535,-25.44015639162936],[-49.12802026353335,-25.439671199968295],[-49.128419831652934,-25.439278269117853],[-49.12890869185962,-25.43892729895946],[-49.129487156295575,-25.438597879588706],[-49.12989433247477,-25.438439773385625],[-49.13103547958537,-25.43795083108991],[-49.131529310177896,-25.437752921138927],[-49.133505044491194,-25.436933422916916],[-49.13836437856239,-25.434912270583755],[-49.139012375032614,-25.43466059753766],[-49.13987071483172,-25.434304726787577],[-49.139814948900295,-25.434104843206622],[-49.139804181786026,-25.43403554054689],[-49.139785827489675,-25.43397482357122],[-49.1398050942738,-25.433930832665357],[-49.13980390617966,-25.433859319516863],[-49.13979788502277,-25.433785307718278],[-49.139753074526105,-25.433680020713226],[-49.13973098583745,-25.433642366928954],[-49.13972693059773,-25.43358923364129],[-49.13968247813225,-25.4334994785182],[-49.13955118665832,-25.43335629707808],[-49.13950325311035,-25.43323902069543],[-49.139464196177364,-25.433166937561484],[-49.13943554826858,-25.433096791787534],[-49.13937634473687,-25.433015967530263],[-49.139353203074755,-25.432956273165583],[-49.139327973647106,-25.432903052175693],[-49.13927200604135,-25.432826578622603],[-49.13917372313726,-25.43282255838081],[-49.13902831090732,-25.43274400810569],[-49.138970901483404,-25.432732782559896],[-49.138838807376445,-25.432732308496036],[-49.138777335936034,-25.432707038721343],[-49.13868240778279,-25.432686697356555],[-49.13862171983941,-25.432657220686337],[-49.13850458105602,-25.432613667785457],[-49.13843089401619,-25.432569672506297],[-49.138468621742184,-25.43244062090386],[-49.138468210185444,-25.432373289232732],[-49.138362350563916,-25.43229454721952],[-49.13829566680836,-25.43225416138628],[-49.13824345903137,-25.432196896978702],[-49.13819098306291,-25.432145764267197],[-49.13818544394841,-25.432045311478497],[-49.13815118087548,-25.43197834422213],[-49.13811084736188,-25.43189884200891],[-49.13808869316979,-25.431826701993053],[-49.13805530928952,-25.43172842031767],[-49.138019434343356,-25.431656377182147],[-49.137988307775196,-25.431579337913554],[-49.13795192997306,-25.43150909840972],[-49.137935166098366,-25.43143929442669],[-49.13786988036863,-25.431352053381854],[-49.13786757802175,-25.43125725494123],[-49.13784049636877,-25.43121600242277],[-49.137753986882394,-25.431087888209415],[-49.13771172701868,-25.430931912706782],[-49.13772843883473,-25.430698491096525],[-49.137697248165175,-25.430633534318442],[-49.137624775223635,-25.430633518175306],[-49.13746860529121,-25.430670280513407],[-49.13735026861839,-25.430633663695893],[-49.13720030884566,-25.43058472848941],[-49.1371336860952,-25.430605098247558],[-49.13700208336059,-25.430617948987116],[-49.13691991717127,-25.430639219245236],[-49.136819579031126,-25.43059721788745],[-49.13682954044522,-25.43050544397152],[-49.13685319808372,-25.430408698091554],[-49.13681105644725,-25.430258050121218],[-49.136792332290106,-25.430124566232102],[-49.13678921548229,-25.430042826625513],[-49.13683436266336,-25.429886861890783],[-49.136847509715004,-25.429736629957986],[-49.136846926365656,-25.429619445180958],[-49.136950630285014,-25.429484069261154],[-49.136993883187095,-25.42940598803875],[-49.1370139983299,-25.42931841970305],[-49.13702323890599,-25.42926166343811],[-49.137034402950384,-25.429077326469155],[-49.13703087403307,-25.42897098339913],[-49.13702977367908,-25.428874148234627],[-49.13696412323248,-25.42874119852461],[-49.13696678997514,-25.428591084589122],[-49.13690301029898,-25.42852305120984],[-49.13680542100175,-25.42850422866268],[-49.13672473615983,-25.42847317331838],[-49.1367266411702,-25.428353402107593],[-49.13677425552324,-25.428315291494023],[-49.136920352499985,-25.42819835304628],[-49.13698913704259,-25.42803048817787],[-49.13698038650274,-25.427825605612973],[-49.13687323200646,-25.42768910435418],[-49.13680384823461,-25.427629197772553],[-49.136754468872006,-25.42752394230986],[-49.13676180047007,-25.427428614259494],[-49.136761075762244,-25.427301226545456],[-49.136826639358425,-25.427103994015212],[-49.13690993142671,-25.427008004421303],[-49.136986941391,-25.426906789405262],[-49.13704473143851,-25.426852995087465],[-49.137071036579925,-25.426745630172704],[-49.137060363740666,-25.42663806713227],[-49.13702470359162,-25.426534145777765],[-49.13701049908574,-25.426428627819764],[-49.1370136483854,-25.42630787931274],[-49.137073781992456,-25.42617277747759],[-49.1370899540091,-25.42607142276475],[-49.13708975557723,-25.425967964665713],[-49.137066820933754,-25.425836774522686],[-49.13706606773771,-25.425698282538843],[-49.13706305369005,-25.425567564383183],[-49.137031535558364,-25.425442094463573],[-49.13700299857849,-25.42535199883721],[-49.13698850631244,-25.42529241384786],[-49.13695717648672,-25.425222323930377],[-49.13694099534865,-25.424994534480213],[-49.13697548809679,-25.424878336116514],[-49.137040387029266,-25.424782383918593],[-49.13702740361952,-25.42468932589568],[-49.13698835948658,-25.424610200894133],[-49.13696340326927,-25.42453937932854],[-49.136940049564906,-25.424487174812484],[-49.13689249190677,-25.42443159397321],[-49.13689122305788,-25.424352496640736],[-49.13693062159796,-25.424104738965852],[-49.13695644675727,-25.424067331358174],[-49.13695523486679,-25.42397017515053],[-49.136891067477436,-25.423807457889],[-49.13693714016758,-25.42373300887466],[-49.136990888890516,-25.423708742879093],[-49.137049815049785,-25.4236728238672],[-49.13711084978216,-25.423576187053207],[-49.13713643337894,-25.423494739094927],[-49.13719723387822,-25.42338726982767],[-49.13724726362805,-25.423305257945668],[-49.13732213651519,-25.423211086769516],[-49.13738289934011,-25.423169351879434],[-49.13744326317548,-25.423090843627556],[-49.137523154757595,-25.422982454388166],[-49.13764906443007,-25.422941245538826],[-49.13771844082974,-25.42292110523991],[-49.13778237161785,-25.422881562493995],[-49.137812896103306,-25.422799083777484],[-49.1378241822756,-25.4227251964606],[-49.137942752238686,-25.422639941904748],[-49.13796765992872,-25.422592397162997],[-49.13798983074372,-25.422514589898633],[-49.13814955039721,-25.4223275014738],[-49.138114068548894,-25.422178277867776],[-49.13813779241245,-25.422096427856065],[-49.138167727739464,-25.422037315693522],[-49.138168075452676,-25.42196293312357],[-49.13813236251106,-25.421906446567622],[-49.138167587519824,-25.42175959320616],[-49.13823892033756,-25.421648047332017],[-49.138225157132055,-25.42150178916921],[-49.13821168633019,-25.42146020008313],[-49.138252581363155,-25.421308874970002],[-49.13831269738831,-25.421245811978455],[-49.13831469111498,-25.42118074862765],[-49.138267921521305,-25.421120559733808],[-49.13813687142553,-25.42103071437244],[-49.13797167721958,-25.420841840025737],[-49.13785782648773,-25.420585007811603],[-49.13777436186541,-25.420519299168394],[-49.13768417332493,-25.420519704246352],[-49.13754684393414,-25.420543679345663],[-49.137399558543535,-25.42060208554001],[-49.137293026935936,-25.420389263831012],[-49.13721046685321,-25.420302184613533],[-49.13724456819392,-25.420224256974613],[-49.13720727434211,-25.420089544560664],[-49.13715297929308,-25.420032614570115],[-49.13714314145371,-25.419897965882058],[-49.13714391706274,-25.419795783909773],[-49.137221961883085,-25.419664352858362],[-49.137256455766924,-25.419581632941608],[-49.13737007244586,-25.419523672073602],[-49.13744753749537,-25.419463627878446],[-49.13748140645726,-25.419399433528245],[-49.13743299829218,-25.419335974618377],[-49.13735446918085,-25.41928281343577],[-49.13727202855785,-25.419206177046153],[-49.137301637380276,-25.418966123586657],[-49.13738850444003,-25.41887227849385],[-49.137460066375354,-25.418751375157278],[-49.13753454909138,-25.418697192584315],[-49.13757689691685,-25.41862672861063],[-49.137590253593025,-25.418560064268924],[-49.137600049863224,-25.41851006930043],[-49.137613685273706,-25.41845075059214],[-49.13763671642564,-25.418298673753338],[-49.13766964975373,-25.418159689582634],[-49.13772321083183,-25.417979080820757],[-49.137744621311576,-25.4178496524837],[-49.13775600915963,-25.41779246014142],[-49.137766674454085,-25.417720187146713],[-49.13777243096003,-25.417681178037853],[-49.13777094221558,-25.417630440593175],[-49.13777111128335,-25.417521369177628],[-49.137771054297204,-25.41747966569128],[-49.13778972154187,-25.41742925772068],[-49.13782342365935,-25.417337247247847],[-49.13782540723018,-25.417261074449964],[-49.13782410865728,-25.417175963405548],[-49.137793115320754,-25.41704931942968],[-49.137776424041995,-25.416952765881167],[-49.137775608819055,-25.416775002186345],[-49.13777764674995,-25.416733200665664],[-49.13777972933035,-25.41668228278753],[-49.13781587036658,-25.41654254114705],[-49.13782841411549,-25.41645189920448],[-49.13784724936588,-25.416350561705244],[-49.137845820732174,-25.416264660897923],[-49.13784420137973,-25.416166006257026],[-49.13788095129541,-25.41606658302263],[-49.13792367328577,-25.415984561130955],[-49.13794329006283,-25.415892190647305],[-49.137948574072354,-25.415759635648715],[-49.137946911270646,-25.415654356031343],[-49.13793887502816,-25.415556307966657],[-49.13793086844667,-25.415508089655926],[-49.13791592433668,-25.415429091561194],[-49.13788806073593,-25.41536337177312],[-49.13784101933365,-25.415302065363697],[-49.13781631927675,-25.415163528795286],[-49.137783265468215,-25.415099267970596],[-49.137735238833514,-25.415029765570676],[-49.13766031059541,-25.414940893947048],[-49.13757944156223,-25.414829295062624],[-49.13752127026944,-25.414722918280393],[-49.13751464470722,-25.414290057986495],[-49.13751187335252,-25.414139531762586],[-49.13750378508824,-25.41392664262062],[-49.13746328333267,-25.413760972021528],[-49.13745932739819,-25.413641286048346],[-49.13746088424696,-25.413562092617465],[-49.137538021114004,-25.413484651519322],[-49.137552168365644,-25.4134236095649],[-49.13756063510261,-25.413338745928346],[-49.13750344137624,-25.41327035413775],[-49.137425837881715,-25.41318857126351],[-49.137428188890404,-25.412985696876035],[-49.137487472759446,-25.41281661469476],[-49.13753856510694,-25.412717517688908],[-49.13761454631565,-25.41255403198732],[-49.137614983358716,-25.4123594467862],[-49.1376523098797,-25.412239754940146],[-49.13773373724703,-25.412112141447924],[-49.137818997750635,-25.41199116117129],[-49.13785531944978,-25.411956140411373],[-49.13789696925714,-25.411866355584106],[-49.13794912827814,-25.411829838288092],[-49.13800426664603,-25.411765469890636],[-49.1380566742622,-25.41172505850616],[-49.13810815035052,-25.41166116365168],[-49.13816185523699,-25.411607407876673],[-49.13820063526716,-25.411518643714277],[-49.138212819929926,-25.411496357374673],[-49.13824412949835,-25.41143448914818],[-49.138313404239234,-25.411336384970287],[-49.1383389724313,-25.411258660205295],[-49.13834970363586,-25.411200658669255],[-49.13841720775291,-25.41110398543758],[-49.138544418419976,-25.411112176948226],[-49.13863664883093,-25.411182445671244],[-49.138696648333855,-25.411217239483406],[-49.13875996860809,-25.411181090726373],[-49.13881650944947,-25.41112748886419],[-49.13884917094451,-25.411078341191658],[-49.13884797161112,-25.41096223158222],[-49.13884507653686,-25.410897721890603],[-49.13884286158282,-25.41076107345338],[-49.13888268071616,-25.41068336744733],[-49.13896395253318,-25.41056838344205],[-49.13901047207413,-25.410464704185813],[-49.1390123074434,-25.410284798201616],[-49.13909397308022,-25.410237635034377],[-49.13914839595392,-25.41020185278163],[-49.13920410569885,-25.410176127255124],[-49.139231466296316,-25.410112899775385],[-49.13926047775167,-25.410042491000894],[-49.139298222648684,-25.40998591468455],[-49.13931227732541,-25.4098480476499],[-49.13926012945606,-25.409813398651515],[-49.139061044892244,-25.409768095427516],[-49.13896426047299,-25.409662627739273],[-49.138927599247545,-25.409487062205386],[-49.1389216220028,-25.409327229362646],[-49.13898484437591,-25.40914535088601],[-49.13899557732459,-25.409080205777975],[-49.13897063702821,-25.408980659005945],[-49.139068307381166,-25.40891479745737],[-49.13894368516838,-25.408851702945004],[-49.13891622664558,-25.408645421194468],[-49.13895768974516,-25.408515797654267],[-49.138956557136304,-25.40841105996956],[-49.13899807837124,-25.40834576124259],[-49.13908105078044,-25.408210782684964],[-49.13909659882156,-25.408143272815664],[-49.1391700987937,-25.408049594530617],[-49.13922488120924,-25.407957936123793],[-49.139272799189605,-25.407864598325762],[-49.13938025477601,-25.407706194242774],[-49.139415625689935,-25.40771805104413],[-49.13950170577461,-25.407575331582883],[-49.13956245343283,-25.407528886364975],[-49.13960964398382,-25.40749147763766],[-49.1396617558582,-25.40739024309558],[-49.14104598430619,-25.407472731165676],[-49.146843839805044,-25.40780533395658],[-49.146904926818266,-25.407806104156172],[-49.146946002228574,-25.40775629050891],[-49.14708404618022,-25.407573811147387],[-49.14801178805044,-25.405945214481292],[-49.14835207034644,-25.405416580887433],[-49.1486217669761,-25.405202250487797],[-49.14908291507282,-25.404871561554927],[-49.14920852460541,-25.40473509222719],[-49.14932476628357,-25.40458987805704],[-49.14963268192408,-25.40419343542586],[-49.14983794574331,-25.403898926170005],[-49.15003474450783,-25.403671832005855],[-49.15029081166015,-25.40345898774546],[-49.15065921937206,-25.403193539689845],[-49.1509223077956,-25.403007791354103],[-49.15114791417841,-25.4028418263332],[-49.15118663045438,-25.40274103253119],[-49.15126539795195,-25.402506042365353],[-49.151267060884706,-25.402396958296862],[-49.15108474309594,-25.40101826441863],[-49.15079080513679,-25.398792163503845],[-49.1514593924188,-25.397813645773034],[-49.151899116383696,-25.39709573773478],[-49.151919096572364,-25.396972684268803],[-49.15208193415882,-25.395791004372466],[-49.15207789169732,-25.39546213876305],[-49.15200432507689,-25.394943333873044],[-49.15193315742061,-25.3943022456657],[-49.15196413256751,-25.394113774448815],[-49.15203499070011,-25.393890074054305],[-49.15207127373041,-25.393722087276092],[-49.152661250973864,-25.392328654534158],[-49.15347701803571,-25.390481785027937]]]}},{"type":"Feature","properties":{"bairro":"Parque das Águas","chave":"parque das águas","populacao":6.0,"densidade":2.48962656,"shape_area_m2":2407254.33801,"shape_len_m":9802.25940427,"fonte":"Prefeitura Municipal de Pinhais / GeoPinhais","ano_base":2012,"crs_origem":"EPSG:31982"},"geometry":{"type":"Polygon","coordinates":[[[-49.12802026353335,-25.439671199968295],[-49.12765299281535,-25.44015639162936],[-49.126004595372734,-25.442312035949644],[-49.125384640196714,-25.443140989641932],[-49.12515313462148,-25.44347465673761],[-49.12487131921621,-25.443836403624324],[-49.124742412527326,-25.444006683799124],[-49.1245338265127,-25.44422609190691],[-49.12431067995077,-25.44436651283044],[-49.12415154249946,-25.44445044388254],[-49.12393739602919,-25.44451934346576],[-49.123660569753206,-25.44455878761176],[-49.12336851886393,-25.444562219232857],[-49.123085136270696,-25.444515614380705],[-49.12277952645333,-25.44437559922115],[-49.12234267232075,-25.444047650345855],[-49.1219664265768,-25.44377528126774],[-49.12177372233105,-25.443649126433023],[-49.12155621040094,-25.443553575769567],[-49.12133342267369,-25.44348446283952],[-49.12108582702336,-25.44344595480662],[-49.12085721406243,-25.4434386110872],[-49.120566335926426,-25.443466145651932],[-49.12013055170617,-25.44356504889559],[-49.12014595372844,-25.443616702630752],[-49.12034806412392,-25.443774585997655],[-49.12062565756551,-25.44417963682745],[-49.12092362009993,-25.4444627458039],[-49.12112398498478,-25.44465842100091],[-49.12124292124855,-25.4448700247276],[-49.121209999425034,-25.44517376673059],[-49.12135890963229,-25.445373560543032],[-49.12127999102886,-25.445469269165155],[-49.1211361026767,-25.44542903587833],[-49.12100572752995,-25.445528863170733],[-49.1210867190939,-25.445884648316227],[-49.121543416355735,-25.446318566500874],[-49.12182218582048,-25.44630565967677],[-49.122192349983116,-25.446111357038415],[-49.12233121417535,-25.445992029590975],[-49.122415156834926,-25.446055881037918],[-49.1224161956122,-25.446281627957216],[-49.12238076438693,-25.446505589546547],[-49.122499704512904,-25.44671719243207],[-49.122885374067,-25.44662985692801],[-49.12327953230092,-25.446523022131906],[-49.12354981315359,-25.446529610290696],[-49.12394501318589,-25.44664851982654],[-49.124258782762666,-25.446783359620603],[-49.124242324228355,-25.44693523066255],[-49.12436334118538,-25.447174994646414],[-49.12458220236472,-25.447215030732302],[-49.12483174798723,-25.447172356004355],[-49.124995729318634,-25.447002011154012],[-49.12507122631974,-25.44671071261709],[-49.12525084358467,-25.446406212981213],[-49.12548764305693,-25.446324039762608],[-49.125821410742184,-25.446598772234694],[-49.12601423170782,-25.4469123448775],[-49.126202508542654,-25.446882679682503],[-49.1262993744032,-25.446738778460272],[-49.126285730224346,-25.446504861207824],[-49.12621049302691,-25.446373121686793],[-49.12609066993996,-25.446186605753862],[-49.126106303859544,-25.44605245112166],[-49.12625259149912,-25.44605045984005],[-49.12644415182123,-25.446091844535573],[-49.12669853134955,-25.446136301852842],[-49.12695356109152,-25.446002423696232],[-49.12724487447231,-25.445726250874923],[-49.12750058822547,-25.44558097058237],[-49.12778211568743,-25.445425518216435],[-49.12805541193564,-25.445406869391608],[-49.128238379379006,-25.445507287559202],[-49.12844679995676,-25.445519766416155],[-49.128629369475796,-25.44537548083618],[-49.12857524786601,-25.445018384826255],[-49.12835729494482,-25.444703586784645],[-49.12829494420042,-25.444483294879717],[-49.128392671130044,-25.444366875471257],[-49.128616395879924,-25.444334367404604],[-49.12895218345772,-25.44440795544129],[-49.12919915963251,-25.444449760092123],[-49.12940378727292,-25.444441471090773],[-49.12947414817942,-25.444319137710508],[-49.12943327334925,-25.443951256682883],[-49.12955526053465,-25.44380858119571],[-49.12972977740464,-25.44383998205124],[-49.13000942235479,-25.443757609360706],[-49.130191483024234,-25.443663605500078],[-49.130326354208194,-25.443432375665807],[-49.13052519021366,-25.44297559561027],[-49.1306707892418,-25.442985000840878],[-49.13076494523887,-25.443053632238758],[-49.1309686038785,-25.443312845900792],[-49.13121023488449,-25.443317797417468],[-49.13135821217339,-25.44320383174501],[-49.13135520412233,-25.44287667657057],[-49.131328986355925,-25.442642145167447],[-49.131444435290796,-25.44252430152661],[-49.13171205852516,-25.442557964482273],[-49.1319339058366,-25.44259853560093],[-49.13217293223545,-25.44252103393457],[-49.132200253922626,-25.442360009440293],[-49.132068685685255,-25.442033430483605],[-49.13206019186175,-25.44179747889099],[-49.13232452537739,-25.441760088465752],[-49.13268593921493,-25.44178461325516],[-49.13291897744532,-25.441848597164764],[-49.13301400160885,-25.44194471159625],[-49.13301112257684,-25.44211836512456],[-49.132918745237376,-25.44227163761251],[-49.1326762922049,-25.442406142671164],[-49.13254590438393,-25.4426467411262],[-49.13263288647856,-25.442918543419413],[-49.13269506198727,-25.4430999501409],[-49.13257536197272,-25.443414247817707],[-49.13266490461729,-25.443601565362265],[-49.132840109147956,-25.443621562324093],[-49.13311682758649,-25.443545900754252],[-49.13346723580295,-25.443585892477266],[-49.13376533453434,-25.443657628163454],[-49.13389371111687,-25.44361816570517],[-49.13393482762776,-25.443563005696777],[-49.13415421049672,-25.443393071287566],[-49.13433818677439,-25.443392912971714],[-49.13448173063279,-25.44343651433786],[-49.134633178209164,-25.44343248030959],[-49.134857402557664,-25.443349678453917],[-49.13496873873649,-25.443300235306733],[-49.13502296765373,-25.443362340085507],[-49.13510547782777,-25.44362477608472],[-49.13521827774484,-25.44388640601616],[-49.13542930147767,-25.44398132550027],[-49.13574700148698,-25.44397855113194],[-49.13588693883388,-25.444040269640816],[-49.135779491360395,-25.44444435183368],[-49.13577784944328,-25.444723258571816],[-49.135933458461494,-25.444817756348336],[-49.1362282703154,-25.444818437763416],[-49.136539758639316,-25.444751328678098],[-49.13679719816124,-25.444660998554557],[-49.136925391043896,-25.444582649603955],[-49.13696632358814,-25.44448860485564],[-49.13690345545211,-25.444318599852355],[-49.13673043832248,-25.44413635498963],[-49.13652937180851,-25.443959599267572],[-49.13656614509706,-25.44376702066286],[-49.13678072922173,-25.443676882310346],[-49.13704611856428,-25.443705852765543],[-49.13727057508471,-25.443828867618436],[-49.13754049343042,-25.444034138016274],[-49.137865829101926,-25.444239829142706],[-49.13806429181776,-25.444334131555554],[-49.13825996399538,-25.4443070982313],[-49.13841396789324,-25.44421857528781],[-49.138509632173324,-25.44413634949417],[-49.138648713048255,-25.443985810289924],[-49.13873198511551,-25.444126626429668],[-49.138800018453736,-25.444294595531687],[-49.13887216005802,-25.444394162779016],[-49.13895444247749,-25.444450775579977],[-49.13909675214557,-25.44438912215551],[-49.139215804986215,-25.444253155363274],[-49.13936788527187,-25.44407077942108],[-49.139572459451045,-25.44389553938204],[-49.139811984750494,-25.44376774094684],[-49.140047216180214,-25.443669460982424],[-49.14013895568403,-25.44369451984164],[-49.14024194272783,-25.443909931134282],[-49.1403494075459,-25.44413470736366],[-49.14041551845829,-25.444208824749953],[-49.140528406997504,-25.444175460567855],[-49.14063283958953,-25.44407308117752],[-49.14086546184936,-25.44389234640981],[-49.14111307236817,-25.44375579396179],[-49.14137566943534,-25.443663421039425],[-49.14162781142857,-25.443703169564458],[-49.14184661300536,-25.44387849642959],[-49.14208400948098,-25.444079885162537],[-49.14226301057525,-25.444120636292066],[-49.14251652390406,-25.444137582693134],[-49.142681277986675,-25.44428969009469],[-49.1427898034628,-25.4445808323486],[-49.14288950242485,-25.44472519070914],[-49.14307366640887,-25.444763906397363],[-49.143537470280215,-25.444720223910814],[-49.143843908008336,-25.444615199939573],[-49.14421229048973,-25.444497545147225],[-49.14468314299528,-25.44438947787132],[-49.14498139759111,-25.444314468433117],[-49.145389140607875,-25.444268603810215],[-49.14563422672006,-25.44427710688351],[-49.14573651134718,-25.444313641310128],[-49.145764973992264,-25.44446948037778],[-49.14588899629912,-25.444578847225536],[-49.146002675800254,-25.444468336648345],[-49.1461321446022,-25.444359731541095],[-49.14630937112677,-25.444289778570067],[-49.14636637753377,-25.444362009991515],[-49.146376618798215,-25.444524884302755],[-49.146394390950725,-25.444707540059234],[-49.146435362570955,-25.44489732254823],[-49.14666075314434,-25.445103328267805],[-49.14683224697667,-25.445157320093053],[-49.14691888512628,-25.44517085266228],[-49.1472198691488,-25.445066851383302],[-49.14741809090211,-25.444882775750155],[-49.14779352676945,-25.44484190434304],[-49.147922946739044,-25.444897436848755],[-49.14839573742393,-25.444961447202004],[-49.148550601911595,-25.44520594975096],[-49.14869668411151,-25.445218156335727],[-49.14878376739627,-25.44520266983861],[-49.148853046066584,-25.44515586249187],[-49.14888116305655,-25.445110609783086],[-49.14912387022353,-25.44482696887436],[-49.149689178783234,-25.44462471347383],[-49.14980781051106,-25.444578527591595],[-49.14988835492872,-25.44454222622324],[-49.15012777250297,-25.444578411946],[-49.150338471129,-25.444699231776784],[-49.15050847857525,-25.44464125526174],[-49.15065540234965,-25.4445083551356],[-49.150809034803295,-25.444475048349133],[-49.15095604039528,-25.44457640694986],[-49.15107324432769,-25.44468361012008],[-49.15118533001932,-25.444736847885537],[-49.15147476565191,-25.444790246703747],[-49.151545392616846,-25.444792770779006],[-49.15171209082234,-25.441781247488823],[-49.151823535669834,-25.441295402587546],[-49.15211884318574,-25.437289680197907],[-49.15214410166108,-25.437119929357937],[-49.15147233995528,-25.43711147517494],[-49.15107421165233,-25.437071990560845],[-49.150677529300104,-25.436937723672578],[-49.15017801975702,-25.43669874344732],[-49.14975444638406,-25.436460718327567],[-49.14927260731373,-25.436308138550313],[-49.14900710375855,-25.436287556082533],[-49.14845015926497,-25.436261096310357],[-49.14806086710416,-25.436264806340915],[-49.14765325056616,-25.436225193857748],[-49.14726593722707,-25.436099653892665],[-49.14694625245908,-25.435897404200617],[-49.146487755519665,-25.435460712177406],[-49.146122595234985,-25.4351286149568],[-49.14585024117795,-25.434935579104604],[-49.1454726876096,-25.434792921548503],[-49.145084721472124,-25.434710459079785],[-49.14383017318415,-25.4345121149832],[-49.141403138359166,-25.434106132297174],[-49.14098416931314,-25.43409154846568],[-49.14066713754254,-25.434096816423832],[-49.140277267460846,-25.434184695920585],[-49.139989905111044,-25.43425530928455],[-49.139012375032614,-25.43466059753766],[-49.13836437856239,-25.434912270583755],[-49.133505047487105,-25.436933422052235],[-49.13350504849502,-25.436933421162294],[-49.131529310177896,-25.437752921138927],[-49.13103547958537,-25.43795083108991],[-49.12989433247477,-25.438439773385625],[-49.129487156295575,-25.438597879588706],[-49.12890869185962,-25.43892729895946],[-49.128419831652934,-25.439278269117853],[-49.12802026353335,-25.439671199968295]]]}},{"type":"Feature","properties":{"bairro":"Atuba","chave":"atuba","populacao":10042.0,"densidade":5097.46192893,"shape_area_m2":1930980.07484,"shape_len_m":5772.04313757,"fonte":"Prefeitura Municipal de Pinhais / GeoPinhais","ano_base":2012,"crs_origem":"EPSG:31982"},"geometry":{"type":"Polygon","coordinates":[[[-49.18201859231673,-25.396314663964493],[-49.182468365241796,-25.39938876391991],[-49.18299680382579,-25.403878605131442],[-49.1831258237249,-25.405194800501068],[-49.18314214532311,-25.405429108786745],[-49.18268284366747,-25.406963133277056],[-49.18252362539171,-25.40756964723243],[-49.182494932513734,-25.407674870526773],[-49.194459868839544,-25.405296804232503],[-49.1946789196758,-25.405274669357635],[-49.19460573913203,-25.404862661465597],[-49.194606961421044,-25.40459677415812],[-49.19465513574223,-25.40393385175157],[-49.19462427441758,-25.403250078590904],[-49.19463573821705,-25.402847637809273],[-49.19457559852854,-25.402292728181052],[-49.19459729958481,-25.401937630017652],[-49.194528064846786,-25.40162614570954],[-49.19437721002479,-25.401283838431453],[-49.194114831476085,-25.40089791482989],[-49.19403195760582,-25.400583778344615],[-49.19398475383076,-25.40044651924669],[-49.19392468736346,-25.40025443006964],[-49.193901069732306,-25.4000031477443],[-49.193840268982775,-25.39949296129705],[-49.1937249824755,-25.398783299916182],[-49.19369948163084,-25.398474837916478],[-49.19367316587196,-25.398221037045214],[-49.1934332187666,-25.39632943468937],[-49.19330226562934,-25.395569879049706],[-49.193220173719936,-25.395203565028766],[-49.19320960592078,-25.39499468916786],[-49.193247695234774,-25.393906695505677],[-49.1932262994778,-25.39350633610452],[-49.193263880679915,-25.393115690299446],[-49.19320845935426,-25.39268355758253],[-49.19330288325896,-25.39233103381282],[-49.193374987444294,-25.391972387542445],[-49.19331191870331,-25.391676122471935],[-49.19327487906913,-25.39138552342538],[-49.19330168618087,-25.390796482015702],[-49.19339607482152,-25.39051387035827],[-49.19345935298369,-25.39030181925605],[-49.193292427276866,-25.39020699744251],[-49.19288563409757,-25.39007102791245],[-49.192437902726645,-25.38985815400701],[-49.19209682458531,-25.389750275597066],[-49.191678666588594,-25.389728706347626],[-49.19122593331138,-25.389840628310274],[-49.18951543151208,-25.39052614834368],[-49.18847433454643,-25.39090139782],[-49.1878983768011,-25.391122160659037],[-49.18738696261262,-25.39132046311726],[-49.186925579406555,-25.391485669229674],[-49.186423498444064,-25.39168283744088],[-49.186013199900344,-25.391841550429678],[-49.18464945235781,-25.39237442536406],[-49.183801288877135,-25.392698619490474],[-49.183130820751934,-25.392943116498138],[-49.18305054423858,-25.392953476926092],[-49.182535739529435,-25.393018320869334],[-49.18245540092162,-25.39304204212858],[-49.18220110953552,-25.39406940282569],[-49.18214628210024,-25.394419885156598],[-49.181970038085794,-25.395584729810004],[-49.18199519210724,-25.395891181509157],[-49.18201859231673,-25.396314663964493]]]}},{"type":"Feature","properties":{"bairro":"Jardim Cláudia","chave":"jardim cláudia","populacao":10322.0,"densidade":8822.22222222,"shape_area_m2":1173261.07509,"shape_len_m":4750.36359801,"fonte":"Prefeitura Municipal de Pinhais / GeoPinhais","ano_base":2012,"crs_origem":"EPSG:31982"},"geometry":{"type":"Polygon","coordinates":[[[-49.17627519251844,-25.40479697366366],[-49.177989886447456,-25.405757256008155],[-49.178092007119936,-25.405814628030672],[-49.17936284337355,-25.40653895928735],[-49.18148253304994,-25.40772794150954],[-49.18162651001589,-25.40782105696189],[-49.18233897478582,-25.408246814061],[-49.18252362539171,-25.40756964723243],[-49.18268284366747,-25.406963133277056],[-49.18314214532311,-25.405429108786745],[-49.1831258237249,-25.405194800501068],[-49.18299680382579,-25.403878605131442],[-49.182468365241796,-25.39938876391991],[-49.18201859231673,-25.396314663964493],[-49.18199519210724,-25.395891181509157],[-49.181970038085794,-25.395584729810004],[-49.18214628210024,-25.394419885156598],[-49.18220110953552,-25.39406940282569],[-49.18245540092162,-25.39304204212858],[-49.18235056775216,-25.393072996894745],[-49.18210366201456,-25.393059262957408],[-49.181957866166904,-25.39310374459085],[-49.18168068186649,-25.393278331113493],[-49.18147880954934,-25.393400444162445],[-49.18123337065073,-25.393550501379103],[-49.18107903710931,-25.39364115978251],[-49.18095618334068,-25.393725086399144],[-49.180309691756115,-25.39367792394926],[-49.17993557409941,-25.393660905704976],[-49.179567369794775,-25.393622112664556],[-49.17913184236353,-25.393601504599676],[-49.17865469952104,-25.393561361099643],[-49.17837414400696,-25.39354647370767],[-49.17803175380229,-25.39352411562267],[-49.17733522908828,-25.393469306576062],[-49.17707723976803,-25.3934434235542],[-49.17561467390631,-25.393354261342928],[-49.174803675418545,-25.393263355458895],[-49.174218666264665,-25.393206317509115],[-49.17394535133177,-25.39317514892583],[-49.173936780298874,-25.393263767551012],[-49.17393898236923,-25.393344478095834],[-49.173949132680626,-25.39347726067671],[-49.173899258808,-25.393599569572352],[-49.17385303389175,-25.393769508727498],[-49.173854654906684,-25.393951938788895],[-49.17385095485807,-25.394197749375603],[-49.17389659200066,-25.394356932710263],[-49.17396961803771,-25.39443714791057],[-49.17411208090501,-25.394545982812513],[-49.17425484234233,-25.394634995578354],[-49.17431028556895,-25.394722923121133],[-49.17434629704951,-25.394941468477434],[-49.174391697408204,-25.395116510398665],[-49.17440355170111,-25.39523945405925],[-49.1744024052161,-25.395315638960877],[-49.17435950667425,-25.39548161485984],[-49.17432303381592,-25.395633561147402],[-49.17429983921242,-25.395729227563617],[-49.17429350454517,-25.39594363510656],[-49.17429848753949,-25.396025541124718],[-49.174305133960914,-25.396203421316347],[-49.17429726321948,-25.396313389185277],[-49.17428228708838,-25.39648253470382],[-49.17426556908117,-25.396628009648456],[-49.17426661015087,-25.39676823614299],[-49.17427222882995,-25.39702297975145],[-49.17424120488399,-25.39720000845414],[-49.17420910327692,-25.397448560972812],[-49.174200735193196,-25.397585809728533],[-49.17420790393809,-25.39773755850787],[-49.17421084547319,-25.39793540974872],[-49.174203239899235,-25.398098854579697],[-49.17418443130108,-25.398322902172513],[-49.17417492694952,-25.398612481734357],[-49.17417035598829,-25.398916139842463],[-49.174135339156834,-25.399191384334287],[-49.17413464656236,-25.399579197023222],[-49.174108631997946,-25.400192612128315],[-49.174112076451856,-25.40034726124577],[-49.174133281310645,-25.400612612662496],[-49.174093342757345,-25.400931232639003],[-49.17404233132206,-25.401207165766458],[-49.1740152242665,-25.401451483820633],[-49.174048359134204,-25.401584860537962],[-49.17408133395619,-25.40172887167796],[-49.17408406767973,-25.401936330208166],[-49.174075249301204,-25.402133008828187],[-49.17404998344022,-25.40225502281356],[-49.173988300786014,-25.40246168117918],[-49.17399862632392,-25.402586928608258],[-49.174016162424486,-25.40274032364013],[-49.173975670821804,-25.403013135546555],[-49.173962811173126,-25.40320820123021],[-49.17397332828832,-25.40349445792728],[-49.174009552726886,-25.403514955683242],[-49.17627519251844,-25.40479697366366]]]}},{"type":"Feature","properties":{"bairro":"Alto Tarumã","chave":"alto tarumã","populacao":9526.0,"densidade":5844.17177914,"shape_area_m2":1633848.53801,"shape_len_m":5255.73584133,"fonte":"Prefeitura Municipal de Pinhais / GeoPinhais","ano_base":2012,"crs_origem":"EPSG:31982"},"geometry":{"type":"Polygon","coordinates":[[[-49.17627519251844,-25.40479697366366],[-49.174009552726886,-25.403514955683242],[-49.17396498177136,-25.40348973478018],[-49.17393589022828,-25.403820824710923],[-49.173921615359,-25.403990848956056],[-49.17395275060296,-25.4042571749637],[-49.17394944070363,-25.404476975921472],[-49.173908796340584,-25.404582846866067],[-49.17382921588065,-25.404681141927735],[-49.1736428304165,-25.404787978993635],[-49.173498101014154,-25.404880293316868],[-49.17338191482818,-25.404980970642647],[-49.17301950641267,-25.405338350077535],[-49.17293389835272,-25.40542477411142],[-49.172812110887754,-25.40551439372899],[-49.17251762207471,-25.405875264770586],[-49.17213737992268,-25.406232369479913],[-49.17170448990143,-25.406666896747495],[-49.17147756044002,-25.40693681871259],[-49.17134408246748,-25.407144662346607],[-49.17123618690034,-25.407302014614057],[-49.171173183814126,-25.40754376352535],[-49.17117002290092,-25.407753320465496],[-49.171207735014754,-25.407876553350125],[-49.17125032507403,-25.408113628033508],[-49.17123434584173,-25.40827152714445],[-49.17111613191698,-25.408597804760422],[-49.171078350879505,-25.408831782225246],[-49.17105193609429,-25.40912688660526],[-49.171001225170286,-25.40945829669836],[-49.170967522708104,-25.409672320442237],[-49.17091733396381,-25.409969149271653],[-49.17084251841395,-25.410383268620865],[-49.17079942369433,-25.410714773337865],[-49.17070915649373,-25.4115608688695],[-49.1706755581322,-25.411770473796626],[-49.17064596097479,-25.412118301384677],[-49.170582680315896,-25.412681259483648],[-49.17051770234899,-25.413126774493062],[-49.170506122588094,-25.413434895120464],[-49.170467118530006,-25.41372380018431],[-49.17040647670985,-25.414069055495062],[-49.17038431674108,-25.41462189879132],[-49.170389690855124,-25.414705831739848],[-49.17035112805578,-25.414917311072948],[-49.170260049499035,-25.415327249582624],[-49.17023524382123,-25.415564591957573],[-49.17022390479412,-25.41584706334347],[-49.17016160166225,-25.4162252450319],[-49.170120904696894,-25.416578003921696],[-49.170020035371586,-25.417167664592807],[-49.16998437389929,-25.41759938235812],[-49.16997008173329,-25.417988739458195],[-49.17000674983252,-25.418150187174337],[-49.17002635808888,-25.418236519980894],[-49.17011548143254,-25.41826691111413],[-49.170298196178365,-25.418269186474085],[-49.170390411447464,-25.418332148901964],[-49.170477246723586,-25.418459261601015],[-49.17052572266052,-25.41858458402604],[-49.1705289379016,-25.418775706087064],[-49.17053054946364,-25.418871499627205],[-49.170686828814944,-25.419135356589216],[-49.17093166039848,-25.41959986665633],[-49.17110428700954,-25.41997384473912],[-49.17129328457525,-25.419937214860266],[-49.17140375364596,-25.419904597915597],[-49.17154227326804,-25.419648977634132],[-49.1734559955405,-25.419544815114815],[-49.17787314206235,-25.419313823910375],[-49.17956181363226,-25.41923146739226],[-49.18122015399487,-25.419165732181686],[-49.1812029012157,-25.418918006513085],[-49.181106532036445,-25.418070429943732],[-49.18099646666946,-25.417474797285468],[-49.18091290454627,-25.41709559114572],[-49.180685525155184,-25.41630265021505],[-49.180611608994134,-25.415941571784646],[-49.18064103403755,-25.41530264569569],[-49.18084590538993,-25.41420668268526],[-49.18091133938826,-25.4138113124249],[-49.181398334189396,-25.411812181463407],[-49.18177795135769,-25.410304189366677],[-49.18233897478582,-25.408246814061],[-49.18162651001589,-25.40782105696189],[-49.18148253304994,-25.40772794150954],[-49.17936284337355,-25.40653895928735],[-49.178092007119936,-25.405814628030672],[-49.177989886447456,-25.405757256008155],[-49.17627519251844,-25.40479697366366]]]}},{"type":"Feature","properties":{"bairro":"Maria Antonieta","chave":"maria antonieta","populacao":11032.0,"densidade":6768.09815951,"shape_area_m2":1633507.96569,"shape_len_m":6997.21607905,"fonte":"Prefeitura Municipal de Pinhais / GeoPinhais","ano_base":2012,"crs_origem":"EPSG:31982"},"geometry":{"type":"Polygon","coordinates":[[[-49.15171209082234,-25.441781247488823],[-49.151545392616846,-25.444792770779006],[-49.151653842723086,-25.444796646649966],[-49.15188698951229,-25.444784066748397],[-49.152014655303915,-25.444774105736325],[-49.15222845446782,-25.44455122655083],[-49.152379401952025,-25.444477936426004],[-49.152602683354374,-25.444469178064168],[-49.152711136541626,-25.444464759554123],[-49.15289183777053,-25.44453065473553],[-49.15297306094713,-25.44463779469754],[-49.15282350484618,-25.444830554822598],[-49.152718776707076,-25.44500853643788],[-49.152643396345276,-25.44514350796038],[-49.152763011644325,-25.445243338498912],[-49.15298527967875,-25.44530108108452],[-49.15320750497194,-25.445244279206072],[-49.153328123591635,-25.4451868246583],[-49.153418954097205,-25.445083858419164],[-49.15344510278089,-25.44483258981639],[-49.15344362393166,-25.444511567069256],[-49.153527374086586,-25.44445478249581],[-49.15366363121103,-25.44450854987872],[-49.1538744506537,-25.444754806209122],[-49.15399100938928,-25.44499003529572],[-49.15406425437338,-25.44516305240022],[-49.15421314596685,-25.445270399720805],[-49.1544058675042,-25.44527999211156],[-49.154552320064326,-25.445180131961745],[-49.15473217624725,-25.445043138572327],[-49.154895628529815,-25.444954023271936],[-49.15503216501728,-25.444929271093432],[-49.1551125240857,-25.444974395005097],[-49.1551689843266,-25.445098623335696],[-49.15513821390031,-25.445437424361867],[-49.155133373571765,-25.44575498521471],[-49.15503856906959,-25.445806730709776],[-49.15485530976947,-25.44591912485452],[-49.15479823517137,-25.446047808794486],[-49.154901776994016,-25.446060873891494],[-49.15514541106343,-25.446028643989703],[-49.15541524468378,-25.44597909664104],[-49.155629975849955,-25.445928857491968],[-49.155926321252004,-25.44584141043864],[-49.156173241216514,-25.445806279786318],[-49.15648107393608,-25.445816026828606],[-49.15679478554989,-25.445827951360535],[-49.15677957915369,-25.44609419502238],[-49.156835728151485,-25.44623900537535],[-49.156956882069665,-25.446372868814386],[-49.157088162568066,-25.44649925263753],[-49.15694033038551,-25.446638866299192],[-49.15668819765658,-25.446803334940515],[-49.156507820643654,-25.44693929409614],[-49.156369804957315,-25.447061080853086],[-49.156387012955136,-25.447208343533152],[-49.15649960845803,-25.447265635400363],[-49.15688262133306,-25.447235151874537],[-49.157259062005316,-25.44721046812235],[-49.15746062328568,-25.447220454668546],[-49.15754639302324,-25.44733622828455],[-49.15767593029248,-25.447558423850197],[-49.15779181232159,-25.447612814819102],[-49.15802461806473,-25.447565437816802],[-49.158141051161145,-25.44745838615034],[-49.15830010130421,-25.447379627008296],[-49.158423429596425,-25.447266353118003],[-49.15851975593961,-25.44699570921998],[-49.15857303254528,-25.446776804031888],[-49.15867015154658,-25.446686276568574],[-49.158819877469384,-25.44660937689596],[-49.158900714288755,-25.44653933900912],[-49.15889408766887,-25.44639780989039],[-49.15875935412411,-25.446162605505403],[-49.15872353901236,-25.445991376993582],[-49.15877485334347,-25.445901403420937],[-49.15901049309463,-25.44581722496247],[-49.15919487259518,-25.445819536799956],[-49.15930947337998,-25.445862796611117],[-49.159372548400874,-25.44600996971257],[-49.15940290750979,-25.446339965597343],[-49.15948484953222,-25.446529236109612],[-49.15949382954305,-25.446696642520383],[-49.15954938273931,-25.446833265512236],[-49.159694714124356,-25.446876911196103],[-49.15984396365683,-25.446821642716994],[-49.16010512907295,-25.446690164657934],[-49.16019164176846,-25.446538093938337],[-49.16026349290577,-25.446378280634345],[-49.160451865912535,-25.446353149247777],[-49.160602236579834,-25.44643922545513],[-49.16079660512035,-25.446542733386394],[-49.16086977618412,-25.44678413511476],[-49.16082140392782,-25.44693339710916],[-49.16067535885628,-25.44718947945974],[-49.16060714999796,-25.447347774104287],[-49.16063905394525,-25.44745996517787],[-49.16075931019688,-25.447471635030734],[-49.16085225844379,-25.447437228921245],[-49.1611476770969,-25.447205851773706],[-49.1614260487012,-25.44709083741944],[-49.161537551415265,-25.44708526353042],[-49.16181274692006,-25.447179327450897],[-49.16206796656065,-25.447241572202678],[-49.16223597421109,-25.447259226291447],[-49.162374207819624,-25.447264442138074],[-49.16244870610299,-25.447418727271515],[-49.162408388252935,-25.447543693583935],[-49.162401901593995,-25.447717876588758],[-49.16249735221521,-25.447757409675262],[-49.16270562779793,-25.44770425194204],[-49.16296042402446,-25.447623793379037],[-49.163251652918916,-25.44752649147991],[-49.16337009815175,-25.44756979724007],[-49.1634744826455,-25.447780221069763],[-49.16354466452936,-25.447965819010747],[-49.163467568182476,-25.448245961380394],[-49.163424414522744,-25.448304672376203],[-49.16318162582634,-25.448385028248662],[-49.16288761520338,-25.448486161617286],[-49.16269054364489,-25.44856037219359],[-49.1626698560995,-25.44865770069321],[-49.162802715987844,-25.448763922817754],[-49.16295125755149,-25.44884942863462],[-49.16308869967521,-25.448906912794016],[-49.163244131831036,-25.449044784263627],[-49.16340788149797,-25.449140935680596],[-49.163534963720565,-25.44912161393553],[-49.163647102849765,-25.44907422252142],[-49.16382123190162,-25.44899275351549],[-49.16392863078538,-25.449004552526215],[-49.16404031209036,-25.449053124775965],[-49.16410381732011,-25.44917241884007],[-49.164121015878905,-25.449305075121526],[-49.16414179043191,-25.449455202997584],[-49.16425017660095,-25.449655219728477],[-49.16471058190914,-25.449907016296564],[-49.16474769171928,-25.44992569882864],[-49.16478622162969,-25.449798813692052],[-49.164857307226164,-25.44958747515295],[-49.16505163960283,-25.449206528200637],[-49.165326227121234,-25.44867170542431],[-49.165496378075176,-25.448393144523966],[-49.16567541821572,-25.448025695797195],[-49.165915818878915,-25.447590554306466],[-49.16618428679116,-25.44706037809717],[-49.16629227765705,-25.44684775183577],[-49.1665464396445,-25.44637203119578],[-49.166754061408795,-25.446004414113286],[-49.1670748294101,-25.44539395723246],[-49.167228890688754,-25.44510378839183],[-49.16753388907962,-25.444482654131065],[-49.16777558397817,-25.444088289170608],[-49.167893584605785,-25.443825588259482],[-49.1679602011111,-25.443644616792003],[-49.16802532488805,-25.443654435300694],[-49.168198874760606,-25.443597455214345],[-49.16825867624443,-25.443560623802803],[-49.16834685739219,-25.443524089520476],[-49.16858791838936,-25.44343529731443],[-49.16870456455606,-25.44339202665281],[-49.16870250566969,-25.443349884415202],[-49.168680155272156,-25.44327945923727],[-49.16865000792188,-25.443213633880365],[-49.16862108322189,-25.443182331847805],[-49.168575653358054,-25.44317544226376],[-49.16848103034939,-25.44317303334372],[-49.168370032326074,-25.443212255891403],[-49.16817720149863,-25.443231516603937],[-49.16827007462521,-25.442930232822846],[-49.168326770980116,-25.44264993014345],[-49.16833743797417,-25.442439485836847],[-49.16838613009783,-25.442188757044423],[-49.16845185455739,-25.44163546688031],[-49.168495837519366,-25.44164148171042],[-49.16865146308594,-25.44165632863121],[-49.16878851035252,-25.441631662707163],[-49.168861976392826,-25.44159931299381],[-49.168884750034366,-25.441554652967632],[-49.169061058108966,-25.44144497574385],[-49.169109966696375,-25.441338103588954],[-49.169095714621136,-25.441279370004608],[-49.1690500982173,-25.441202619805505],[-49.16899756685581,-25.441148421039102],[-49.16885001237153,-25.441081696811867],[-49.16877997355416,-25.441038014394834],[-49.16874009369646,-25.440963467070638],[-49.16877249265323,-25.4408999320699],[-49.16882596388699,-25.44086450464527],[-49.168935170950405,-25.44077532210338],[-49.168964766339194,-25.440691451673434],[-49.16902643965048,-25.440665769752208],[-49.1691527151607,-25.440570887665608],[-49.169170309710154,-25.44049472158946],[-49.16921263737497,-25.440383939603358],[-49.16922842183933,-25.440285452712605],[-49.16919779379674,-25.44017983852913],[-49.1691828695154,-25.440095145754924],[-49.16921840210243,-25.440039349360443],[-49.16913510183317,-25.439864690588603],[-49.16906272228099,-25.439859262594137],[-49.168989205595004,-25.439892932572654],[-49.16889970078684,-25.439958210179018],[-49.16886416960735,-25.440084833642803],[-49.16883959256015,-25.44029797993496],[-49.168761824806616,-25.440323524270394],[-49.16870355484533,-25.44029912445302],[-49.16864901551471,-25.440295478703604],[-49.168725480095546,-25.439758735260238],[-49.168747338052526,-25.439317820584762],[-49.16875383809358,-25.43877954550827],[-49.16420590960401,-25.4382549027754],[-49.16112400032285,-25.43789958473654],[-49.15891619973816,-25.437643772395013],[-49.15475129416565,-25.437174383623375],[-49.15421239823604,-25.437145101102534],[-49.15249631036072,-25.43710943451558],[-49.15216858729505,-25.437105311262254],[-49.15216779296427,-25.437120227459065],[-49.15214410166108,-25.437119929357937],[-49.15211884318574,-25.437289680197907],[-49.151823535669834,-25.441295402587546],[-49.15171209082234,-25.441781247488823]]]}},{"type":"Feature","properties":{"bairro":"Pineville","chave":"pineville","populacao":9339.0,"densidade":4364.01869159,"shape_area_m2":2137730.73596,"shape_len_m":6876.24736393,"fonte":"Prefeitura Municipal de Pinhais / GeoPinhais","ano_base":2012,"crs_origem":"EPSG:31982"},"geometry":{"type":"Polygon","coordinates":[[[-49.17174168827923,-25.428568455235776],[-49.17184429919834,-25.428923180946054],[-49.17194628320716,-25.429319481035936],[-49.171982712206656,-25.429507054939243],[-49.171968693656105,-25.429658762503493],[-49.17193973808299,-25.429792873448413],[-49.17187076161107,-25.42990203762401],[-49.17177965352707,-25.430139284971453],[-49.171626852669945,-25.430449113029276],[-49.17144481772757,-25.43091138606163],[-49.17122054653871,-25.43149537892126],[-49.171115799636794,-25.431795971663053],[-49.170660188879545,-25.432876514222862],[-49.170401359817326,-25.43345446064968],[-49.17033603410689,-25.43360127671289],[-49.170194403002384,-25.43402271429541],[-49.17011633442886,-25.434264917249603],[-49.17000409234578,-25.43447066775585],[-49.169870921830956,-25.434748210521708],[-49.16982301887329,-25.434963769441822],[-49.16983857026177,-25.43524766835275],[-49.16994677769732,-25.435534406421937],[-49.170183611918496,-25.436061103705818],[-49.17021574110118,-25.436272063636636],[-49.170218243287756,-25.43652340516344],[-49.17019383330458,-25.436658425244612],[-49.17013566970264,-25.43680990642063],[-49.170088587151675,-25.436964956140326],[-49.170019749900874,-25.437085881133818],[-49.169906538870734,-25.437182600722704],[-49.16978265864785,-25.437241903133497],[-49.16967787391521,-25.437274450814556],[-49.16959489252035,-25.437344464012224],[-49.16949049258464,-25.43744381629574],[-49.16923319558133,-25.43773778764147],[-49.16906736952732,-25.43791576366611],[-49.16887451886039,-25.43819802187099],[-49.16882602706494,-25.43832895695338],[-49.16876768035398,-25.43847896095343],[-49.168754578616365,-25.438763452166373],[-49.16875383809358,-25.43877954550827],[-49.16880579450034,-25.438786100182117],[-49.171353091381384,-25.439077711089247],[-49.17402456334467,-25.439370237382736],[-49.17710743209313,-25.439757230196598],[-49.17733468735794,-25.43980278889155],[-49.1776244554941,-25.43808212407507],[-49.17827587075688,-25.43417172380547],[-49.17833712777387,-25.43370114396475],[-49.17824307172575,-25.433040521970728],[-49.17816074338429,-25.432510780379765],[-49.17792068070856,-25.43079608984672],[-49.17880606571706,-25.43046278670365],[-49.18075907189577,-25.429689685247332],[-49.1813750474497,-25.429557959928562],[-49.18273726019618,-25.429262384637465],[-49.183366651800384,-25.429139013877627],[-49.18332574968021,-25.428574312122116],[-49.183243222611395,-25.42745436870736],[-49.18306648076769,-25.425824858574284],[-49.18302035152715,-25.42493288256268],[-49.18294439948608,-25.424706841403623],[-49.182212014200864,-25.423132548303915],[-49.18198133054596,-25.422643473553794],[-49.18136342506125,-25.420862021357504],[-49.181284491231956,-25.420089548169617],[-49.18122015399487,-25.419165732181686],[-49.17956181363226,-25.41923146739226],[-49.17787314206235,-25.419313823910375],[-49.1734559955405,-25.419544815114815],[-49.17154227326804,-25.419648977634132],[-49.17140375364596,-25.419904597915597],[-49.17129328457525,-25.419937214860266],[-49.17110788711826,-25.41997314747848],[-49.171259408364044,-25.42032131984871],[-49.17131744079899,-25.420621987765664],[-49.171433066495,-25.42097099694505],[-49.171369069686186,-25.42121136428853],[-49.17131097997428,-25.42136264168697],[-49.17115011461407,-25.421397034347194],[-49.17105360418529,-25.4214900302111],[-49.17103418399109,-25.421631084757248],[-49.17101547355876,-25.421725049066414],[-49.170881541588116,-25.422005974286513],[-49.17072131961444,-25.42231012154275],[-49.17053338531141,-25.422731669321685],[-49.170316798215396,-25.42347409886468],[-49.170322081411484,-25.423630269844274],[-49.17037744749838,-25.42375931266331],[-49.170470335928314,-25.42393391945671],[-49.17052826495028,-25.424146250722774],[-49.1706116796145,-25.424442155006073],[-49.17064353863237,-25.42467140349771],[-49.17068000665528,-25.424784500981538],[-49.17074567679349,-25.4249863445529],[-49.17079213196475,-25.425196613580837],[-49.17082953779254,-25.425413009829153],[-49.17088236882954,-25.425566368487598],[-49.17096914876121,-25.42584531453422],[-49.171040900460106,-25.426023941478928],[-49.17110324777169,-25.426267113640748],[-49.17116019721685,-25.426540444947157],[-49.17125283741536,-25.426809599298],[-49.17130185812669,-25.427013789309644],[-49.17134459112857,-25.427175435885957],[-49.17141816991635,-25.427431204996523],[-49.17149214685668,-25.42766061559423],[-49.17156197032969,-25.427951489749724],[-49.17164814495967,-25.428227920941893],[-49.17174168827923,-25.428568455235776]]]}},{"type":"Feature","properties":{"bairro":"Jardim Amélia","chave":"jardim amélia","populacao":9149.0,"densidade":1719.73684211,"shape_area_m2":5320330.89396,"shape_len_m":9838.11907058,"fonte":"Prefeitura Municipal de Pinhais / GeoPinhais","ano_base":2012,"crs_origem":"EPSG:31982"},"geometry":{"type":"Polygon","coordinates":[[[-49.17036522542969,-25.414839998602474],[-49.170369418429615,-25.41481700410169],[-49.17037393113816,-25.414792255896334],[-49.17038068827004,-25.414755199341094],[-49.170389690855124,-25.414705831739848],[-49.17038740985009,-25.414666697332272],[-49.17038431674108,-25.41462189879132],[-49.170388612139185,-25.414514744320535],[-49.170390135313276,-25.41447672615085],[-49.1703935107504,-25.41439251936367],[-49.170396095242296,-25.414328048021723],[-49.170359801908845,-25.41430800071643],[-49.16989117132172,-25.4140541818116],[-49.16851907093562,-25.413840347999194],[-49.16737671521393,-25.41322177025082],[-49.16453291185698,-25.411610404780873],[-49.16276826251519,-25.41059672216131],[-49.160922901365694,-25.40979873410731],[-49.15921841012214,-25.408799413540937],[-49.157739036232904,-25.407872871050877],[-49.15473363312297,-25.40631059500222],[-49.154337303224644,-25.410993134580988],[-49.15382753961052,-25.41706451013935],[-49.153101322309475,-25.425438646083673],[-49.15311060266519,-25.42555436737],[-49.1526375303007,-25.43118422071315],[-49.15222940008064,-25.43588436473545],[-49.152215470179385,-25.436124985612693],[-49.15217728276672,-25.43694210553055],[-49.15216858729505,-25.437105311262254],[-49.15249631036072,-25.43710943451558],[-49.15421239823604,-25.437145101102534],[-49.15475129416565,-25.437174383623375],[-49.15891619973816,-25.437643772395013],[-49.16112400032285,-25.43789958473654],[-49.16420590960401,-25.4382549027754],[-49.16875383809358,-25.43877954550827],[-49.16876768035398,-25.43847896095343],[-49.16882602706494,-25.43832895695338],[-49.16887451886039,-25.43819802187099],[-49.16906736952732,-25.43791576366611],[-49.16923319558133,-25.43773778764147],[-49.16949049258464,-25.43744381629574],[-49.16959489252035,-25.437344464012224],[-49.16967787391521,-25.437274450814556],[-49.16978265864785,-25.437241903133497],[-49.169906538870734,-25.437182600722704],[-49.170019749900874,-25.437085881133818],[-49.170088587151675,-25.436964956140326],[-49.17013566970264,-25.43680990642063],[-49.17019383330458,-25.436658425244612],[-49.170218243287756,-25.43652340516344],[-49.17021574110118,-25.436272063636636],[-49.170183611918496,-25.436061103705818],[-49.16994677769732,-25.435534406421937],[-49.16983857026177,-25.43524766835275],[-49.16982301887329,-25.434963769441822],[-49.169870921830956,-25.434748210521708],[-49.17000409234578,-25.43447066775585],[-49.17011633442886,-25.434264917249603],[-49.170194403002384,-25.43402271429541],[-49.17033603410689,-25.43360127671289],[-49.170401359817326,-25.43345446064968],[-49.170660188879545,-25.432876514222862],[-49.171115799636794,-25.431795971663053],[-49.17122054653871,-25.43149537892126],[-49.17144481772757,-25.43091138606163],[-49.171626852669945,-25.430449113029276],[-49.17177965352707,-25.430139284971453],[-49.17187076161107,-25.42990203762401],[-49.17193973808299,-25.429792873448413],[-49.171968693656105,-25.429658762503493],[-49.171982712206656,-25.429507054939243],[-49.17194628320716,-25.429319481035936],[-49.17184429919834,-25.428923180946054],[-49.17174168827923,-25.428568455235776],[-49.17164814495967,-25.428227920941893],[-49.17156197032969,-25.427951489749724],[-49.17149214685668,-25.42766061559423],[-49.17141816991635,-25.427431204996523],[-49.17134459112857,-25.427175435885957],[-49.17130185812669,-25.427013789309644],[-49.17125283741536,-25.426809599298],[-49.17116019721685,-25.426540444947157],[-49.17110324777169,-25.426267113640748],[-49.171040900460106,-25.426023941478928],[-49.17096914876121,-25.42584531453422],[-49.17088236882954,-25.425566368487598],[-49.17082953779254,-25.425413009829153],[-49.17079213196475,-25.425196613580837],[-49.17074567679349,-25.4249863445529],[-49.17068000665528,-25.424784500981538],[-49.17064353863237,-25.42467140349771],[-49.1706116796145,-25.424442155006073],[-49.17052826495028,-25.424146250722774],[-49.170470335928314,-25.42393391945671],[-49.17037744749838,-25.42375931266331],[-49.170322081411484,-25.423630269844274],[-49.170316798215396,-25.42347409886468],[-49.17053338531141,-25.422731669321685],[-49.17072131961444,-25.42231012154275],[-49.170881541588116,-25.422005974286513],[-49.17101547355876,-25.421725049066414],[-49.17103418399109,-25.421631084757248],[-49.17105360418529,-25.4214900302111],[-49.17115011461407,-25.421397034347194],[-49.17131097997428,-25.42136264168697],[-49.17132407058542,-25.421328550995362],[-49.171369069686186,-25.42121136428853],[-49.171433066495,-25.42097099694505],[-49.1714166733207,-25.42092151547004],[-49.17131744079899,-25.420621987765664],[-49.171259408364044,-25.42032131984871],[-49.17110788711826,-25.41997314747848],[-49.17110428700954,-25.41997384473912],[-49.17093166039848,-25.41959986665633],[-49.170686828814944,-25.419135356589216],[-49.17053054946364,-25.418871499627205],[-49.17052572266052,-25.41858458402604],[-49.170477246723586,-25.418459261601015],[-49.170390411447464,-25.418332148901964],[-49.170298196178365,-25.418269186474085],[-49.17011548143254,-25.41826691111413],[-49.17002635808888,-25.418236519980894],[-49.16997008173329,-25.417988739458195],[-49.16998437389929,-25.41759938235812],[-49.170020035371586,-25.417167664592807],[-49.170120904696894,-25.416578003921696],[-49.17016160166225,-25.4162252450319],[-49.17022390479412,-25.41584706334347],[-49.17023524382123,-25.415564591957573],[-49.170260049499035,-25.415327249582624],[-49.17035112805578,-25.414917311072948],[-49.17036522542969,-25.414839998602474]]]}},{"type":"Feature","properties":{"bairro":"Vargem Grande","chave":"vargem grande","populacao":11802.0,"densidade":4917.5,"shape_area_m2":2400158.43208,"shape_len_m":6954.32148002,"fonte":"Prefeitura Municipal de Pinhais / GeoPinhais","ano_base":2012,"crs_origem":"EPSG:31982"},"geometry":{"type":"Polygon","coordinates":[[[-49.16777558397817,-25.444088289170608],[-49.16753388907962,-25.444482654131065],[-49.167228890688754,-25.44510378839183],[-49.1670748294101,-25.44539395723246],[-49.166754061408795,-25.446004414113286],[-49.1665464396445,-25.44637203119578],[-49.16629227765705,-25.44684775183577],[-49.16618428679116,-25.44706037809717],[-49.165915818878915,-25.447590554306466],[-49.16567541821572,-25.448025695797195],[-49.165496378075176,-25.448393144523966],[-49.165326227121234,-25.44867170542431],[-49.16505163960283,-25.449206528200637],[-49.164857307226164,-25.44958747515295],[-49.16478622162969,-25.449798813692052],[-49.16474769171928,-25.44992569882864],[-49.16525491519174,-25.450181057265347],[-49.16582095758145,-25.450363217384425],[-49.166787631715096,-25.450918981516494],[-49.16802697625748,-25.45157950831162],[-49.16864227389447,-25.451863638280145],[-49.16943814299467,-25.45229745845015],[-49.17010482877684,-25.452651046301664],[-49.17070552676333,-25.453175066446338],[-49.170838624458696,-25.45346170884613],[-49.17099749923159,-25.453823797448184],[-49.171204044894985,-25.45423260464138],[-49.176178291522014,-25.452239415776823],[-49.19003480173098,-25.446608076777714],[-49.189855250647376,-25.446220236600126],[-49.18894503009318,-25.446241446312797],[-49.18807989490239,-25.44609134864838],[-49.187217709638496,-25.44574444924273],[-49.18663605894452,-25.445368204349663],[-49.18396462850898,-25.44299461051616],[-49.183234113825634,-25.44230434224588],[-49.18253674055172,-25.44166031881462],[-49.18214811374446,-25.441363598583482],[-49.18168569719953,-25.441121666177313],[-49.18090508610695,-25.44086168968157],[-49.179930502239245,-25.440521668091808],[-49.178340100172505,-25.440004342650198],[-49.17710743209313,-25.439757230196598],[-49.17402456334467,-25.439370237382736],[-49.171353091381384,-25.439077711089247],[-49.16880579450034,-25.438786100182117],[-49.16875383809358,-25.43877954550827],[-49.168747338052526,-25.439317820584762],[-49.168725480095546,-25.439758735260238],[-49.16864901551471,-25.440295478703604],[-49.16870355484533,-25.44029912445302],[-49.168761824806616,-25.440323524270394],[-49.16883959256015,-25.44029797993496],[-49.16886416960735,-25.440084833642803],[-49.16889970078684,-25.439958210179018],[-49.168989205595004,-25.439892932572654],[-49.16906272228099,-25.439859262594137],[-49.16913510183317,-25.439864690588603],[-49.16921840210243,-25.440039349360443],[-49.1691828695154,-25.440095145754924],[-49.16919779379674,-25.44017983852913],[-49.16922842183933,-25.440285452712605],[-49.16921263737497,-25.440383939603358],[-49.169170309710154,-25.44049472158946],[-49.1691527151607,-25.440570887665608],[-49.16902643965048,-25.440665769752208],[-49.168964766339194,-25.440691451673434],[-49.168935170950405,-25.44077532210338],[-49.16882596388699,-25.44086450464527],[-49.16877249265323,-25.4408999320699],[-49.16874009369646,-25.440963467070638],[-49.16877997355416,-25.441038014394834],[-49.16885001237153,-25.441081696811867],[-49.16899756685581,-25.441148421039102],[-49.1690500982173,-25.441202619805505],[-49.169095714621136,-25.441279370004608],[-49.169109966696375,-25.441338103588954],[-49.169061058108966,-25.44144497574385],[-49.168884750034366,-25.441554652967632],[-49.168861976392826,-25.44159931299381],[-49.16878851035252,-25.441631662707163],[-49.16865146308594,-25.44165632863121],[-49.168495837519366,-25.44164148171042],[-49.16845185455739,-25.44163546688031],[-49.16838613009783,-25.442188757044423],[-49.16833743797417,-25.442439485836847],[-49.168326770980116,-25.44264993014345],[-49.16827007462521,-25.442930232822846],[-49.168183509496956,-25.443211055661376],[-49.168210645248365,-25.443228176539535],[-49.168370032326074,-25.443212255891403],[-49.16848103034939,-25.44317303334372],[-49.168575653358054,-25.44317544226376],[-49.16863675953486,-25.443184709348326],[-49.168680155272156,-25.44327945923727],[-49.16870250566969,-25.443349884415202],[-49.16870456455606,-25.44339202665281],[-49.16858791838936,-25.44343529731443],[-49.16834685739219,-25.443524089520476],[-49.16825867624443,-25.443560623802803],[-49.168198874760606,-25.443597455214345],[-49.16802532488805,-25.443654435300694],[-49.1679602011111,-25.443644616792003],[-49.167893584605785,-25.443825588259482],[-49.16777558397817,-25.444088289170608]]]}},{"type":"Feature","properties":{"bairro":"Weissópolis","chave":"weissópolis","populacao":17202.0,"densidade":3814.19068736,"shape_area_m2":4292163.57025,"shape_len_m":9387.55919502,"fonte":"Prefeitura Municipal de Pinhais / GeoPinhais","ano_base":2012,"crs_origem":"EPSG:31982"},"geometry":{"type":"Polygon","coordinates":[[[-49.17129335947879,-25.454409378555635],[-49.17166809526969,-25.455236417507997],[-49.17234039267486,-25.456534169745538],[-49.17290041054641,-25.457622999249125],[-49.1732999659281,-25.458312945923996],[-49.17361505852357,-25.45901149112372],[-49.17377859420515,-25.459367688641624],[-49.17412177731522,-25.45995480425712],[-49.17447621498894,-25.460667653219915],[-49.17472383561528,-25.461121030855885],[-49.17519395181136,-25.462026563538316],[-49.175393258275136,-25.462276356975035],[-49.175651987210365,-25.462586205784593],[-49.175946434479954,-25.462772208557872],[-49.17624333812381,-25.46292759793701],[-49.17671126996396,-25.463202176604007],[-49.17709057236324,-25.463438430219327],[-49.17750929362706,-25.463687149420615],[-49.17803314866439,-25.46406336193182],[-49.17835941629918,-25.46431492204669],[-49.17912713496388,-25.464767573328313],[-49.179870108644444,-25.465221156081878],[-49.18049420121406,-25.465568224728784],[-49.18163650714168,-25.466391105405147],[-49.18202054941461,-25.466898869501986],[-49.18289226656835,-25.468483125081068],[-49.18335264420567,-25.469183451174935],[-49.18370856166882,-25.469806633572354],[-49.18413105588334,-25.470428547510988],[-49.1844579306277,-25.47102569696205],[-49.18462674731341,-25.471506839433747],[-49.18466654546766,-25.47201149397527],[-49.185337672186236,-25.471514008453024],[-49.18538898283718,-25.471337928784923],[-49.18637787892002,-25.470155690360063],[-49.18733010844406,-25.469113234954566],[-49.1880964835744,-25.46830981570921],[-49.188383329144465,-25.46800410802641],[-49.189383176539486,-25.467207980028494],[-49.18956383458228,-25.467047862024273],[-49.18975359285968,-25.466845867485922],[-49.18981449447263,-25.466678740408486],[-49.189837196363364,-25.466462545251318],[-49.18995065521279,-25.46603541253058],[-49.19005173486825,-25.465784841690873],[-49.19033392808055,-25.46513889537936],[-49.19058034045448,-25.464607372481005],[-49.19074178867239,-25.464225009280298],[-49.19128558016806,-25.46257060612496],[-49.191799270869765,-25.4608775228925],[-49.19214802821906,-25.459678682969127],[-49.19260741192264,-25.458571037639675],[-49.192894023976315,-25.458278569966502],[-49.19333127887522,-25.457674285611798],[-49.193749012247046,-25.457133689039654],[-49.1939878776311,-25.456719270338255],[-49.194305914909236,-25.456276978995604],[-49.195080190711955,-25.455281879141044],[-49.195521362380106,-25.454719161760778],[-49.195749081005765,-25.45445388453351],[-49.196128353057674,-25.453825375856702],[-49.19679569177894,-25.452799790833232],[-49.197338167112754,-25.45198914597926],[-49.19765117891092,-25.451882541807535],[-49.197824088949254,-25.451707950075143],[-49.19791922281252,-25.451527984301084],[-49.19833696641717,-25.45092344381227],[-49.198524405023285,-25.45042652362258],[-49.19857811766886,-25.45008700516775],[-49.19870651627451,-25.44930661588218],[-49.198875778184274,-25.447415076060768],[-49.198979024928576,-25.446853062134814],[-49.19901896174241,-25.44662161293289],[-49.199091389334455,-25.445923371726842],[-49.199102285341574,-25.445681625823383],[-49.19916633264187,-25.445546560542294],[-49.19938081281055,-25.445357012652412],[-49.199661755261076,-25.445115265014152],[-49.20011432707614,-25.444620488462686],[-49.20027476453556,-25.444383888586177],[-49.200447623853165,-25.44404803922212],[-49.20051013811255,-25.443797693912853],[-49.20055511643391,-25.44345682845213],[-49.20055053322038,-25.443286912992296],[-49.1997480605097,-25.443229103114522],[-49.19858089868502,-25.443327158210973],[-49.19643385468831,-25.444036510906212],[-49.196169261011065,-25.44412877911116],[-49.19302481286899,-25.44522524502648],[-49.189855250647376,-25.446220236600126],[-49.19003480173098,-25.446608076777714],[-49.176178291522014,-25.452239415776823],[-49.171204044894985,-25.45423260464138],[-49.17129335947879,-25.454409378555635]]]}},{"type":"Feature","properties":{"bairro":"Estância Pinhais","chave":"estância pinhais","populacao":4374.0,"densidade":4463.26530612,"shape_area_m2":981644.335999,"shape_len_m":4200.48102393,"fonte":"Prefeitura Municipal de Pinhais / GeoPinhais","ano_base":2012,"crs_origem":"EPSG:31982"},"geometry":{"type":"Polygon","coordinates":[[[-49.193782295805406,-25.433953820294963],[-49.19408016545515,-25.435327586382325],[-49.19436928478874,-25.43649786809061],[-49.19456118570638,-25.437386448757763],[-49.1946604980777,-25.43783683792768],[-49.19489199224911,-25.438903786010602],[-49.195180193526504,-25.44005330211908],[-49.19560693779091,-25.441805511006002],[-49.19571202404228,-25.442251117193788],[-49.195801655725084,-25.442662726462064],[-49.19587022639165,-25.44305958924227],[-49.19596596998744,-25.44341814906901],[-49.19604201966674,-25.443670217090055],[-49.196169261011065,-25.44412877911116],[-49.19643385468831,-25.444036510906212],[-49.19858089868502,-25.443327158210973],[-49.1997480605097,-25.443229103114522],[-49.20055053322038,-25.443286912992296],[-49.200544088888215,-25.443048027299998],[-49.20051718919636,-25.44255626455361],[-49.20062571712188,-25.442159275140632],[-49.20079176751629,-25.441738442240226],[-49.20105704784294,-25.441151973449404],[-49.20119461137156,-25.440719128010713],[-49.201561264806784,-25.439877361549975],[-49.20179202800597,-25.43931115889195],[-49.20199699183541,-25.438946387087924],[-49.2021008534598,-25.438530749931374],[-49.20230326343726,-25.43795385415892],[-49.20245638410139,-25.437624656198135],[-49.20263861824725,-25.4372544312087],[-49.20281622708726,-25.436811727925985],[-49.20301191693349,-25.436370591624133],[-49.203236120794195,-25.435861208362898],[-49.203418579805486,-25.435475466179],[-49.203539181501775,-25.43503206342914],[-49.20343448657028,-25.434774274887697],[-49.20328948386706,-25.434626604668754],[-49.20284908819186,-25.434173753871125],[-49.20279807412756,-25.433803875247747],[-49.20280233542448,-25.43351672881636],[-49.202867806725244,-25.432912362589324],[-49.20295587281888,-25.43230827270763],[-49.203111270973025,-25.431735777483635],[-49.203118540274275,-25.431429212948277],[-49.20309041948216,-25.431255895568675],[-49.20301571588141,-25.431273747622846],[-49.201053345922766,-25.431533203849863],[-49.19934825822381,-25.431717466808927],[-49.19824982046634,-25.431828458310527],[-49.1977303607692,-25.431887020809864],[-49.1933149577376,-25.43235200647514],[-49.19341367601085,-25.432780332585025],[-49.193782295805406,-25.433953820294963]]]}},{"type":"Feature","properties":{"bairro":"Centro","chave":"centro","populacao":6450.0,"densidade":2231.83391003,"shape_area_m2":2887254.89421,"shape_len_m":6973.27848393,"fonte":"Prefeitura Municipal de Pinhais / GeoPinhais","ano_base":2012,"crs_origem":"EPSG:31982"},"geometry":{"type":"Polygon","coordinates":[[[-49.17827587075688,-25.43417172380547],[-49.1776244554941,-25.43808212407507],[-49.17733468735794,-25.43980278889155],[-49.178340100172505,-25.440004342650198],[-49.179930502239245,-25.440521668091808],[-49.18090508610695,-25.44086168968157],[-49.18168569719953,-25.441121666177313],[-49.18214811374446,-25.441363598583482],[-49.18253674055172,-25.44166031881462],[-49.183234113825634,-25.44230434224588],[-49.18396462850898,-25.44299461051616],[-49.18663605894452,-25.445368204349663],[-49.187217709638496,-25.44574444924273],[-49.18807989490239,-25.44609134864838],[-49.18894503009318,-25.446241446312797],[-49.189855250647376,-25.446220236600126],[-49.19302481286899,-25.44522524502648],[-49.196169261011065,-25.44412877911116],[-49.19604201966674,-25.443670217090055],[-49.19596596998744,-25.44341814906901],[-49.19587022639165,-25.44305958924227],[-49.195801655725084,-25.442662726462064],[-49.19571202404228,-25.442251117193788],[-49.19560693779091,-25.441805511006002],[-49.195180193526504,-25.44005330211908],[-49.19489199224911,-25.438903786010602],[-49.1946604980777,-25.43783683792768],[-49.19456118570638,-25.437386448757763],[-49.19436928478874,-25.43649786809061],[-49.19408016545515,-25.435327586382325],[-49.193782295805406,-25.433953820294963],[-49.19341367601085,-25.432780332585025],[-49.1933149577376,-25.43235200647514],[-49.19259011699217,-25.42930146345859],[-49.19200916601045,-25.42680666575206],[-49.19182872003453,-25.42607474648922],[-49.1917593423328,-25.42559437651006],[-49.191694714467424,-25.4253086510127],[-49.191389928328334,-25.42540339046998],[-49.19049533903765,-25.42575305376252],[-49.18846967560045,-25.426594948527203],[-49.187852127262666,-25.4268332500275],[-49.18706881275245,-25.42708244795428],[-49.183243222611395,-25.42745436870736],[-49.18332574968021,-25.428574312122116],[-49.183366651800384,-25.429139013877627],[-49.18273726019618,-25.429262384637465],[-49.1813750474497,-25.429557959928562],[-49.18075907189577,-25.429689685247332],[-49.17880606571706,-25.43046278670365],[-49.17792068070856,-25.43079608984672],[-49.17816074338429,-25.432510780379765],[-49.17824307172575,-25.433040521970728],[-49.17833712777387,-25.43370114396475],[-49.17827587075688,-25.43417172380547]]]}},{"type":"Feature","properties":{"bairro":"Emiliano Perneta","chave":"emiliano perneta","populacao":8956.0,"densidade":2255.91939547,"shape_area_m2":4075677.44979,"shape_len_m":9684.20057422,"fonte":"Prefeitura Municipal de Pinhais / GeoPinhais","ano_base":2012,"crs_origem":"EPSG:31982"},"geometry":{"type":"Polygon","coordinates":[[[-49.197148834238696,-25.416117697108938],[-49.19696747619973,-25.41599743062397],[-49.1967183101822,-25.415855822605643],[-49.19645107834863,-25.415722141798025],[-49.19621112865885,-25.415564345593605],[-49.19595323349221,-25.415406328709487],[-49.19574929460768,-25.415240823644893],[-49.195734019126476,-25.415061334385506],[-49.195727108687954,-25.414922699038904],[-49.19573838588255,-25.414767986514764],[-49.195777186016066,-25.414572861596547],[-49.19584229700928,-25.41441880999317],[-49.19597772930348,-25.414363421854016],[-49.196130622345684,-25.414340848892937],[-49.196327527969,-25.41437586588212],[-49.19643410357849,-25.414450524328057],[-49.196639374813536,-25.41452639390333],[-49.19683615970112,-25.414569558992046],[-49.19702445707904,-25.414580019607435],[-49.19726767929404,-25.414517803369392],[-49.197404202787546,-25.41438907685925],[-49.19747755607257,-25.41428402521806],[-49.19761226152576,-25.414277528103597],[-49.197789262153414,-25.414241540444202],[-49.197816047055866,-25.414189077380637],[-49.19789606677401,-25.414052137305603],[-49.19805796303912,-25.413791325759536],[-49.19813155030602,-25.413672944436833],[-49.1982558484934,-25.41345640410421],[-49.19833908077556,-25.413241223517595],[-49.19838970675936,-25.413010732006093],[-49.198402569585575,-25.412835692690916],[-49.198422251886726,-25.41261600537555],[-49.19843769493578,-25.41254350596266],[-49.19846960754067,-25.41246748178606],[-49.19849469770315,-25.41229818321768],[-49.19848257800074,-25.412147066300257],[-49.19846072808323,-25.412098339299174],[-49.19841680772485,-25.41201579371944],[-49.19837758601291,-25.411939208071857],[-49.19825118584143,-25.411791038798142],[-49.198159943907434,-25.411670637411817],[-49.19804766651491,-25.411492820669913],[-49.1979864811588,-25.411375272148696],[-49.19791986084744,-25.411255171623218],[-49.19779723215187,-25.411037466871495],[-49.19770103735452,-25.4108822133589],[-49.1976048787588,-25.410724473992754],[-49.197567614199954,-25.410654435609267],[-49.19744897993689,-25.410536182322115],[-49.19720734857634,-25.410225069923865],[-49.19707828947135,-25.41007189735471],[-49.196907159959835,-25.409803895607794],[-49.19679739926009,-25.409641019122493],[-49.19666852605169,-25.409475423622933],[-49.196483572612046,-25.409217191369528],[-49.19637991325353,-25.409012143233014],[-49.19616746777538,-25.40872068426886],[-49.19620575641051,-25.408701757162515],[-49.194946341077845,-25.406691373485813],[-49.19473857720963,-25.40621780835507],[-49.194713249254484,-25.405928650078177],[-49.1946789196758,-25.405274669357635],[-49.194459868839544,-25.405296804232503],[-49.182494932513734,-25.407674870526773],[-49.18177795135769,-25.410304189366677],[-49.181398334189396,-25.411812181463407],[-49.18091133938826,-25.4138113124249],[-49.18084590538993,-25.41420668268526],[-49.18064103403755,-25.41530264569569],[-49.180611608994134,-25.415941571784646],[-49.180685525155184,-25.41630265021505],[-49.18091290454627,-25.41709559114572],[-49.18099646666946,-25.417474797285468],[-49.181106532036445,-25.418070429943732],[-49.1812029012157,-25.418918006513085],[-49.18122015399487,-25.419165732181686],[-49.181284491231956,-25.420089548169617],[-49.18136342506125,-25.420862021357504],[-49.18198133054596,-25.422643473553794],[-49.182212014200864,-25.423132548303915],[-49.18294439948608,-25.424706841403623],[-49.18302035152715,-25.42493288256268],[-49.18306648076769,-25.425824858574284],[-49.183243222611395,-25.42745436870736],[-49.18706881275245,-25.42708244795428],[-49.187852127262666,-25.4268332500275],[-49.18846967560045,-25.426594948527203],[-49.19049533903765,-25.42575305376252],[-49.191389928328334,-25.42540339046998],[-49.191694714467424,-25.4253086510127],[-49.1917593423328,-25.42559437651006],[-49.19182872003453,-25.42607474648922],[-49.19200916601045,-25.42680666575206],[-49.19259011699217,-25.42930146345859],[-49.19316031628687,-25.43170119685993],[-49.1933149577376,-25.43235200647514],[-49.1977303607692,-25.431887020809864],[-49.19824982046634,-25.431828458310527],[-49.19934825822381,-25.431717466808927],[-49.201053345922766,-25.431533203849863],[-49.20301571588141,-25.431273747622846],[-49.20309041948216,-25.431255895568675],[-49.20308961134922,-25.43111362379711],[-49.203096868613244,-25.431006821389943],[-49.20307369918148,-25.430821354552556],[-49.203010222587174,-25.430654157861845],[-49.20290703717952,-25.43048823122729],[-49.20276678296806,-25.430323150069995],[-49.202645593623146,-25.430196363942372],[-49.202548637742886,-25.43010022824721],[-49.20254995307458,-25.43009499922432],[-49.202516193373214,-25.43005915131371],[-49.202364359281745,-25.429917508565072],[-49.202320336849205,-25.42986559112086],[-49.20228770698082,-25.429827108249984],[-49.20214328413828,-25.429672590351924],[-49.20206316064435,-25.42960629484809],[-49.20195569959103,-25.429517380596707],[-49.201856640595324,-25.429415523136566],[-49.20177348374855,-25.4293244173295],[-49.20160619316132,-25.429142206265457],[-49.201557662061816,-25.429093152984745],[-49.20146528612105,-25.428955964891234],[-49.20142893014903,-25.428916379076405],[-49.20132976040314,-25.42882197504428],[-49.20119481898647,-25.428717813571126],[-49.201059877804255,-25.428613651985184],[-49.200904192213656,-25.428455186238594],[-49.20070438188417,-25.428267731659233],[-49.20055707914004,-25.42814063311974],[-49.20043450598379,-25.42801889473665],[-49.20035142383587,-25.42794705249627],[-49.20024840181898,-25.427835826156368],[-49.200051024625026,-25.427651687568233],[-49.199940780226086,-25.427543168424442],[-49.19975678445003,-25.427356397555247],[-49.199611196622335,-25.427209236956635],[-49.19945556912698,-25.427047042058575],[-49.19934209518036,-25.426948733912706],[-49.19916578297913,-25.426797467841116],[-49.19908478163752,-25.426723787123358],[-49.19895952159242,-25.426589922019023],[-49.198880406794196,-25.426527446982426],[-49.19873426687514,-25.426417554333582],[-49.19856780108849,-25.42629436632099],[-49.19846483752076,-25.426179411999957],[-49.1983285969385,-25.42595594870467],[-49.1982323723817,-25.42580193714577],[-49.19809214509702,-25.42550923530687],[-49.19803128459496,-25.425364882834483],[-49.19799275254785,-25.42521562862896],[-49.197952861298994,-25.42511558597416],[-49.19791849018824,-25.424964969048716],[-49.19792239880633,-25.424840141768417],[-49.197948957976415,-25.424580602423333],[-49.19798154953579,-25.4243622845658],[-49.19798830797857,-25.424272491851877],[-49.197990535134394,-25.424058454422866],[-49.19798081830612,-25.42381017634018],[-49.19799529192434,-25.423664977539396],[-49.198009516056764,-25.423536550108683],[-49.19803208598247,-25.42326098446986],[-49.19802842330136,-25.422955276648416],[-49.198063774127746,-25.422510261839456],[-49.19808914498189,-25.422322329339853],[-49.198098819752595,-25.42208574523557],[-49.19811911586365,-25.421825061839385],[-49.198123550457005,-25.421664829640733],[-49.198124242405726,-25.42148032199152],[-49.19813868583032,-25.421199064794934],[-49.1981433429909,-25.42102392509735],[-49.198153711032994,-25.420878675859317],[-49.19818129893498,-25.420679586008497],[-49.19818534638126,-25.420545441908093],[-49.19822599365071,-25.420296191562883],[-49.198268468252,-25.41978603120538],[-49.19828926316085,-25.419629726217995],[-49.19828241316043,-25.41953831669147],[-49.19826017160865,-25.4193087953076],[-49.19823460266168,-25.41909600846425],[-49.1981928130818,-25.418801016509352],[-49.198147224247165,-25.41855443525674],[-49.198120686826485,-25.418406869168898],[-49.198115194605776,-25.41822414983781],[-49.19810840017307,-25.418129012520325],[-49.1980782291376,-25.417949718100694],[-49.19800083809984,-25.4177717070176],[-49.197862527754346,-25.417550082341222],[-49.19776389618462,-25.41742027065894],[-49.197526741683255,-25.417206666905912],[-49.197442773741315,-25.41707152888228],[-49.19737458606757,-25.416980468251648],[-49.19738501332394,-25.416932707613977],[-49.197382669080916,-25.416720396037647],[-49.1973317835534,-25.416627366543008],[-49.197265101569265,-25.4164866925299],[-49.19721923443949,-25.41642619103304],[-49.197188903829684,-25.416404483659566],[-49.197172920715325,-25.416311513987157],[-49.19716207879634,-25.416212599427602],[-49.197148834238696,-25.416117697108938]]]}}]}